0,1
눈,652
꽃,625
바람,612
들다,597
마음,587
소리,542
생각,492
몸,475
나르다,475
길,472
더,468
세상,466
곳,463
버리다,453
손,448
그렇다,440
밤,425
위,423
하늘,410
모르다,400
내다,399
시간,397
일,384
나무,382
얼굴,377
좋다,371
가슴,355
다시,347
집,344
물,326
살다,313
살,312
아름답다,305
흐르다,304
나다,297
별,290
죽다,288
새,286
멀다,283
눈물,283
어떻다,275
앉다,273
먹다,268
나오다,264
사이,262
이름,258
만나다,254
듯,253
오늘,253
사라지다,252
거리,252
어둠,250
뒤,249
두,247
서다,246
어디,244
지금,243
비,242
떨어지다,242
떠나다,239
앞,239
자다,239
끝,239
기억,236
뜨다,234
구름,226
바다,224
내리다,223
걸다,223
놓다,223
붉다,221
개,220
여자,219
슬픔,218
주다,218
깊다,217
거,216
기다리다,213
꿈,210
채,208
몇,208
이제,204
잊다,202
빛,201
산,200
많다,199
아래,198
말다,196
그림자,194
저녁,191
기다,191
부르다,190
받다,190
서로,190
바라보다,189
해,189
가지,189
향,189
노래,187
머리,187
가장,185
그녀,181
전,181
크다,181
그리움,180
순간,180
자리,180
발,179
찾다,178
젖다,177
만들다,175
치다,172
돌아오다,172
아침,172
불다,171
달,170
슬프다,168
아무,167
그것,167
걸,167
희다,167
겨울,166
묻다,165
작다,164
입,163
그립다,162
따르다,162
오르다,162
온,161
시작,161
아프다,160
피다,160
하루,160
웃다,159
누군가,159
푸른,158
등,157
봄,157
아이,157
울다,156
불,154
보이다,154
지나가다,154
숲,151
삶,151
길다,151
하얗다,151
남다,150
쓰다,150
가을,149
적,148
다른,147
모두,146
눕다,145
나가다,145
간다,145
누구,144
보내다,142
밖,142
울음,141
자신,141
목,141
넣다,141
방,141
보고,140
문,140
혼자,139
날개,139
기도,135
읽다,135
햇살,134
얼마나,134
열다,134
검다,133
잎,132
흔들리다,132
늘,131
빈,130
그때,130
멀리,129
피,128
들어가다,127
잠,126
엄마,126
쉬다,126
강,125
이야기,125
바닥,125
동안,124
어리다,123
마리,123
허공,122
땅,121
닿다,120
처음,120
걸리다,119
맞다,118
뿌리,116
믿다,116
어머니,115
아주,113
죽음,113
생,113
위로,113
그늘,112
돌아가다,110
가지다,110
흘리다,110
친구,109
곁,108
냄새,108
입술,106
누가,105
마지막,105
쌓이다,105
꽃잎,105
음,105
새벽,105
마을,105
마르다,104
골목,104
타고,103
거기,103
어깨,103
벗다,102
향기,102
쓸다,102
길이,102
숨,102
강물,101
지나다,101
늙다,101
걷다,101
뜨겁다,100
귀,100
영혼,99
잠시,98
요,98
선,98
빛나다,98
타다,98
년,98
태어나다,97
모습,96
상처,96
세월,95
갈다,95
밟다,95
환하다,95
흔들다,95
날아가다,94
쏟아지다,94
돌다,94
차다,94
책,94
일이,93
남자,93
아버지,93
먼저,93
이르다,92
피어,92
잃다,92
멈추다,92
잠들다,92
여기,92
자라다,91
끼다,91
쪽,91
숨다,91
침묵,90
울,90
심장,90
배,89
편지,88
해도,88
린다,88
지우다,88
빠지다,88
단,88
볼,87
느끼다,87
도,87
이렇다,87
밥,87
채우다,86
대다,86
안다,86
다니다,86
스스로,85
웃음,85
지붕,85
손가락,85
들이다,84
적다,84
풀다,84
이별,84
힘,84
간,84
계단,84
나누다,84
잡다,84
끄다,83
의,83
듣다,83
더욱,83
벽,83
가득,83
자꾸,83
나비,83
돌,83
들어오다,82
떠오르다,82
넘다,82
찾아오다,82
켜다,81
언제,81
행복하다,81
창,81
걸어가다,81
들리다,81
사과,81
남아,80
높다,80
표정,80
추다,80
자,80
지나,79
여름,79
내일,79
찍다,79
밑,79
조금,78
둘,78
안개,78
따뜻하다,78
한번,78
붙다,78
견디다,77
피우다,77
목소리,77
던지다,77
매달리다,77
보이지,76
점,76
불빛,76
발자국,76
만,76
조용하다,75
이유,75
거울,75
열리다,75
풍경,75
올리다,75
옆,74
흩어지다,74
계절,74
눈빛,74
문득,74
다리,74
세계,74
덮다,74
무릎,74
풀,73
라면,73
가끔,73
살아가다,73
써다,72
익다,72
창문,71
그냥,71
세우다,71
비다,71
닮다,71
둥글다,71
어제,70
낮다,70
닦다,70
내미다,70
햇빛,70
리,70
의자,70
아픔,69
남,69
자르다,69
날다,69
추억,68
미소,68
지키다,68
걸음,68
술,67
움,67
고통,67
지치다,67
고개,67
물결,67
담다,66
홀로,66
옷,66
뼈,66
기쁨,66
고양이,66
후,65
끝나다,65
좋아하다,65
너머,65
품다,65
밀다,65
잔,65
입다,65
사내,65
떼,64
터지다,64
짓다,64
수도,64
마주,64
노을,64
눈동자,64
서서,63
외롭다,63
쓸쓸하다,63
흔적,63
새롭다,63
중,63
잃어버리다,63
나이,63
팔,63
아내,63
맑은,62
데,62
모이다,62
헤어지다,62
인생,62
심다,62
가볍다,62
감추다,62
파도,62
지고,61
내려오다,61
온몸,61
영원하다,61
해주다,61
사실,61
시,61
스치다,61
를,61
흘러가다,60
그대로,60
두렵다,60
무슨,60
점점,60
꼭,60
주인,60
바꾸다,60
높이,60
척,60
물이,59
접다,59
오후,59
언덕,59
달빛,59
늦다,59
저물다,59
마당,59
흙,59
따다,59
키우다,59
문장,59
돌아보다,58
송이,58
고독,58
자꾸만,58
그릇,58
새다,58
차,58
희망,58
테,58
인간,57
태양,57
반짝이다,57
달다,57
꾸다,57
대해,57
돌리다,56
막,56
배우다,56
생기다,56
또한,56
꿈꾸다,56
눈부시다,56
감다,56
구멍,56
조각,56
물고기,56
이마,56
건너다,56
펼치다,56
단단하다,56
노랗다,55
시절,55
곱다,55
늘다,55
방울,55
밭,55
그림,55
펴다,55
들여다보다,55
얼음,55
박히다,55
우주,55
병,54
부서지다,54
까닭,54
부드럽다,54
떼다,54
법,54
얻다,54
털다,54
떨다,53
기르다,53
갖다,53
필요하다,53
달이,53
깊이,53
우산,53
도착,53
꼬리,53
공중,53
나뭇잎,52
넓다,52
돌아서다,52
절망,52
삼키다,52
새기다,52
겹,52
텅,52
여전하다,52
물방울,52
지워지다,52
깨다,51
가깝다,51
짧다,51
뒤지다,51
대한,51
무너지다,51
다가오다,51
자기,51
멀어지다,51
예쁘다,51
나라,51
듯이,51
손바닥,51
칼,51
정말,50
시키다,50
가시,50
오지,50
낡다,50
바라다,50
존재,50
천,50
달리다,50
질,50
뛰다,50
죄,50
키,49
이기,49
수가,49
가난하다,49
보지,49
뿐이다,49
이상,49
버스,49
먼지,49
휘,48
물다,48
대신,48
빗방울,48
허리,48
가득하다,48
낮,48
아득하다,48
무겁다,48
세,48
굳다,48
아들,48
무늬,48
유리,48
반,47
수많다,47
그날,47
잡고,47
이면,47
울리다,47
돈,47
나서다,47
인형,47
소녀,47
녹다,47
뜯다,47
옮기다,47
음악,47
줍다,46
미치다,46
뽑다,46
차갑다,46
사람과,46
도시,46
바로,46
혀,46
무게,46
별빛,46
한쪽,46
모래,46
깨지다,46
투명하다,45
하소,45
준,45
씻다,45
약속,45
항상,45
일어나다,45
꺼내다,45
좀,45
유리창,44
열매,44
돼다,44
집다,44
얘기,44
해보다,44
가까이,44
하리,44
섬,44
매일,44
갇히다,44
지르다,44
오래되다,44
허물,43
만큼,43
뻗다,43
땐,43
글,43
임,43
쥐,43
삶다,43
쳐다보다,43
종일,43
무덤,43
맡다,43
맞추다,43
소년,43
새끼,43
지상,42
낙엽,42
보아,42
드리다,42
물들다,42
꺾다,42
소중하다,42
짐승,42
싫다,42
닫다,42
곧,42
줄기,42
장,42
풀잎,42
어딘가,42
이루다,42
비로소,42
깎다,42
진,42
이불,42
넘치다,41
뿌리다,41
애인,41
틈,41
밝다,41
만지다,41
아기,41
평생,41
타오르다,41
옛날,41
봄날,41
통,41
뭐,41
젊다,41
건물,41
색,41
벌레,41
누르다,41
자세,41
더듬다,40
고요하다,40
함,40
비우다,40
원하다,40
짙다,40
따라가다,40
시들다,40
빠르다,40
떠올리다,40
힘들다,40
수만,40
머물다,40
마음속,40
방향,40
빨갛다,40
기다림,40
실,40
결코,40
흘러내리다,40
창밖,40
모양,39
나뭇가지,39
낯선,39
들판,39
세다,39
행복,39
안고,39
날리다,39
기대다,39
구르다,39
흐리다,39
연기,39
툭,39
뿔,39
떠나가다,38
어,38
두운,38
필요,38
쉬,38
산다,38
바깥,38
달려가다,38
밝히다,38
변하다,38
감정,38
놈,38
벚꽃,38
물의,38
만난,38
잠깐,38
맨발,38
비명,38
자국,38
저리,37
지난,37
애쓰다,37
맛,37
일도,37
희미하다,37
의미,37
불어,37
치,37
괜찮다,37
머리카락,37
날아오르다,37
출렁이다,37
노인,37
일어서다,37
지구,37
짜다,37
종이,37
모으다,37
애,36
촛불,36
어느새다,36
기차,36
쓰러지다,36
이해,36
밤새,36
바보,36
어렵다,36
감싸다,36
낳다,36
운명,36
시르다,36
깨우다,36
나타나다,36
말르다,36
몰다,36
자주,36
첫,36
금,36
느리다,36
들어서다,36
번지,36
항아리,36
빠져나가다,36
중이,36
놓이다,35
시인,35
거나,35
쌓다,35
핀,35
까맣다,35
어둡다,35
푸르다,35
자고,35
맑다,35
두드리다,35
내려앉다,35
코,35
장미,35
기분,35
비늘,35
풀리다,35
끝내,35
바르다,35
공간,35
계속,35
보이,35
모자,35
찬,34
앓다,34
썩다,34
다만,34
열,34
느낌,34
기쁘다,34
달려오다,34
뚫다,34
묻히다,34
걸어오다,34
땀,34
거치다,34
공기,34
잠기다,34
엎드리다,34
붙이다,34
욕,34
바퀴,34
은,34
꽉,34
절,34
미안하다,34
구두,34
베다,33
녘,33
마침내,33
비추다,33
얹다,33
햇볕,33
붙잡다,33
그루,33
남기다,33
발목,33
다시다,33
돋아나다,33
놓치다,33
이파리,33
비둘기,33
끊다,33
자락,33
생명,33
태우다,33
비밀,33
박다,33
찢다,33
커피,33
눈길,33
침대,33
달라,32
오직,32
부끄럽다,32
밉다,32
목숨,32
가리다,32
파란,32
잊어버리다,32
이기다,32
보여주다,32
따스하다,32
생애,32
기,32
죽이다,32
구석,32
숨기다,32
무섭다,32
절벽,32
돋다,32
양,32
커다랗다,32
죽,32
동네,32
미래,32
고,32
건너,32
끓다,32
손톱,32
껍질,32
끌,32
두려움,31
간직,31
사막,31
중심,31
뜻,31
움직이다,31
비치다,31
드러내다,31
좁다,31
이슬,31
젠,31
퍼지다,31
끼,31
덮이다,31
떨리다,31
누,31
깨어나다,31
초록,31
신발,31
털,31
고요,31
이상하다,31
너희,31
할머니,31
춤,31
아무렇다,30
차마,30
내려가다,30
완성,30
여인,30
시리다,30
숨결,30
마디,30
젖,30
소망,30
소식,30
활짝,30
상상,30
벗어나다,30
지내다,30
스럽다,30
꿈속,30
오,30
여러,30
찾아가다,30
올라가다,30
섞이다,30
배다,30
부풀다,30
짖다,30
다르다,30
주름,30
벌,30
매다,30
단풍,30
귀가,30
씹다,30
헤매다,29
생각나다,29
어찌,29
한숨,29
만날,29
우린,29
주머니,29
원,29
서럽다,29
만남,29
가면,29
담기다,29
체온,29
벌써,29
전화,29
무수,29
가라앉다,29
거짓말,29
목련,29
며칠,29
고르다,29
넘기다,29
사진,29
체,29
발톱,29
물속,29
돼지,29
이빨,29
씨앗,28
짐,28
외로움,28
살아오다,28
무렵,28
바위,28
마시다,28
속삭이다,28
간절하다,28
어쩌면,28
울음소리,28
온통,28
달리,28
지켜보다,28
밤하늘,28
뒷모습,28
놀라다,28
마치,28
란,28
인사,28
지나치다,28
바,28
바뀌다,28
계시다,28
건네다,28
던,28
이어지다,28
시계,28
개다,28
저기,28
스며들다,28
어두워지다,28
깃털,28
속이다,28
겨우,28
글자,28
무리,28
쥐다,28
낼,27
보,27
외,27
불어오다,27
갈수록,27
잘리다,27
정원,27
용서,27
맨,27
언어,27
잡히다,27
손목,27
부리,27
사다,27
드러나다,27
빠져나오다,27
처마,27
구기다,27
어미,27
비리다,27
칸,26
갑자기,26
무성,26
붙들다,26
신,26
고백,26
후회,26
파,26
잘못,26
대로,26
참다,26
단지,26
영원,26
잎사귀,26
지도,26
꺼지다,26
깔다,26
웅크리다,26
여기다,26
닫히다,26
짚다,26
빚,26
소문,26
반복,26
쯤,26
연습,26
품,26
걸치다,26
딸,26
갈라지다,26
왼쪽,26
버려진,26
상자,26
비어,25
준비,25
곱,25
감,25
스미다,25
틀다,25
고프다,25
보라,25
굽다,25
크게,25
신다,25
가운데,25
고향,25
몰래,25
물어,25
옆구리,25
차라리,25
차례,25
강가,25
제일,25
씨,25
서두르다,25
정신,25
성,25
역,25
날카롭다,25
부다,25
첫사랑,25
벌리다,25
양말,25
눈썹,25
쓴다,25
담배,25
넘어가다,25
찌르다,25
떠다니다,25
안쪽,25
당기다,25
늘어지다,25
과거,25
관,25
지느러미,25
오이,25
그치다,24
여행,24
정,24
식다,24
줌,24
가도,24
겁,24
삼다,24
전부,24
전생,24
사방,24
살기,24
거대하다,24
가능하다,24
얼마,24
들려오다,24
발걸음,24
님,24
깃,24
밀리다,24
혹,24
쉽다,24
궁금하다,24
덜,24
물가,24
막다,24
무언가,24
아빠,24
긁다,24
두르다,24
멍,24
일으키다,24
내려놓다,24
몸속,24
서울,24
버찌,24
그러하다,23
말리다,23
파랗다,23
꽃들이,23
가슴속,23
괴롭다,23
나란하다,23
부러지다,23
고맙다,23
바다로,23
돌멩이,23
끈,23
현실,23
피고,23
짝,23
일생,23
가르다,23
불꽃,23
가로등,23
빛깔,23
금방,23
닳다,23
끼리,23
발견,23
미끄러지다,23
니,23
데리,23
번의,23
살아나다,23
흘러나오다,23
핥다,23
기어,23
처럼,23
함부로,23
축,23
가방,23
깃발,23
신음,23
빗물,22
찢어지다,22
내내,22
철,22
론,22
참으로,22
주저앉다,22
살이,22
천년,22
강변,22
욕망,22
다섯,22
가야,22
놀다,22
모퉁이,22
긋다,22
차오르다,22
맘,22
무지개,22
눈앞,22
리지,22
바쁘다,22
다가가다,22
부분,22
마주치다,22
보기,22
물리다,22
소금,22
주어,22
달아나다,22
끌다,22
메다,22
식탁,22
탓,22
숙이다,22
저쪽,22
바닷가,22
얇다,22
감고,22
덩이,22
찍히다,22
뱉다,22
그게,22
캄캄하다,22
파리,22
거지,22
떠돌다,22
굴뚝,22
껍데기,22
사물,22
면,22
발바닥,22
밀고,22
목각,22
고추,22
아파트,22
창가,21
등불,21
날아오다,21
커지다,21
대고,21
포기,21
기울다,21
인연,21
오리,21
걱정,21
선물,21
믿음,21
은빛,21
손길,21
어루만지다,21
북,21
소나기,21
시선,21
소주,21
없어지다,21
담,21
설레다,21
타,21
일상,21
춤추다,21
뒤척,21
전하,21
행여,21
묶다,21
나그네,21
켜,21
길어지다,21
근처,21
겁니다,21
굽,21
도서관,21
솟구치다,21
기울이다,21
다정하다,21
하나로,21
불쑥,21
명,21
연,21
손끝,21
따위,21
벼랑,21
눈발,21
불타다,21
버려지다,21
힘껏,21
가두다,21
고기,21
무,21
뱀,21
거품,21
물길,21
숨소리,21
백,21
빵,21
마구,21
꽂다,21
공장,21
난간,21
판,21
거미,21
서서히,21
낙타,21
허다,20
잠자리,20
누운,20
가로수,20
편하다,20
불면,20
건지다,20
건너가다,20
여기저기,20
영영,20
띄우다,20
숨기,20
찾아내다,20
말로,20
끊어지다,20
녹이다,20
올라오다,20
깨끗하다,20
향기롭다,20
훔치다,20
진정,20
소,20
묵다,20
비록,20
오늘밤,20
드리우다,20
헤치다,20
재,20
반짝,20
적막,20
온기,20
밀려오다,20
선택,20
즐겁다,20
치마,20
솟다,20
때론,20
부딪치다,20
다해,20
경계,20
어른,20
바늘,20
움켜쥐다,20
토,20
해오다,20
망설이다,20
펼쳐지다,20
가루,20
섞다,20
얼룩,20
솔잎,20
업다,20
서쪽,20
담장,20
동쪽,20
처,20
오줌,20
저수지,20
할아버지,20
분,20
엉덩이,20
페이지,20
토마토,20
건드리다,19
깨닫다,19
호수,19
골짜기,19
불안,19
울타리,19
인하다,19
뺨,19
보리,19
때리다,19
무심하다,19
끌어안다,19
바지,19
달콤하다,19
다가,19
거슬러,19
서늘하다,19
생활,19
자라나다,19
헤아리다,19
치르다,19
물살,19
도무지,19
아아,19
대문,19
착하다,19
절대,19
사소하다,19
방법,19
온갖,19
미워하다,19
찬란하다,19
기적,19
자전거,19
중얼거리다,19
달팽이,19
형,19
통과,19
마루,19
십,19
쏟다,19
봄비,19
지하철,19
볕,19
대하,19
책장,19
죽지,19
생겨나다,19
주먹,19
논,19
내려다보다,19
넘어지다,19
질문,19
방금,19
로부터,19
뭉치,19
계란,19
잡아당기다,19
안부,19
축축하다,19
숫자,19
가위,19
자식,19
부사,19
눈꺼풀,19
옥상,19
기슭,18
수면,18
한가운데,18
쓰이다,18
모,18
따라오다,18
살리다,18
풀이,18
빼다,18
여섯,18
삐걱,18
진실,18
아홉,18
끝내다,18
강의,18
때로는,18
고단,18
토막,18
용기,18
이내,18
유일하다,18
힘드다,18
그린,18
어울리다,18
통해,18
추위,18
살짝,18
구,18
가게,18
흐,18
공원,18
잔잔하다,18
수평선,18
떨구다,18
빗줄기,18
여리다,18
한마디,18
맺다,18
오기,18
딛다,18
마는,18
몫,18
대답,18
덩어리,18
사연,18
나쁘다,18
산이,18
습관,18
안녕,18
배고프다,18
허기,18
깨,18
희망이,18
속도,18
빗,18
입김,18
평화,18
파고들다,18
아깝다,18
휘파람,18
패,18
기린,18
각자,18
한참,18
꽂히다,18
도로,18
순하다,18
꽃병,18
기운,18
버티다,18
말씀,18
싸우다,18
빨다,18
검,18
검정,18
몰려오다,18
식구,18
기울어지다,18
묵,18
잠자다,17
뇌,17
어보,17
크기,17
물건,17
메,17
잊혀지다,17
합,17
낯설다,17
얼어붙다,17
주위,17
일곱,17
편안하다,17
정도,17
천둥,17
나로,17
잎새,17
자유,17
벗기다,17
파내다,17
벌판,17
줄이다,17
노력,17
혼,17
편,17
시집,17
굵다,17
조그만,17
지지,17
주지,17
차지,17
불씨,17
헤엄,17
서도,17
한낮,17
대지,17
고여,17
길가,17
뚝뚝,17
넉넉하다,17
모서리,17
다치다,17
감기,17
시가,17
익히다,17
싸다,17
관계,17
번개,17
먹이,17
민들레,17
머리칼,17
동생,17
배경,17
정확하다,17
힐,17
진흙,17
비비다,17
공포,17
매달,17
묶이다,17
까치,17
지독하다,17
다물다,17
순,17
커튼,17
다녀오다,17
기록,17
종족,17
고구마,17
물기,17
장면,17
누런,17
사발,17
살구나무,17
진도,17
가지런하다,16
골목길,16
훗날,16
약,16
늘어나다,16
안타깝다,16
갈대,16
달래다,16
해바라기,16
자의,16
우물,16
내지,16
상관없다,16
고치다,16
들키다,16
소나무,16
아끼다,16
충분하다,16
이의,16
선명하다,16
가버리다,16
서면,16
덥다,16
사랑스럽다,16
꽃처럼,16
고요한,16
욕심,16
똑같다,16
익숙하다,16
반갑다,16
다가서다,16
사,16
봉,16
미우다,16
길들이다,16
졸다,16
머릿속,16
제자리,16
의지,16
래야,16
급하다,16
여,16
황금,16
가보다,16
끌리다,16
간지럽다,16
끓이다,16
쫓다,16
언니,16
터,16
개미,16
층,16
눈치,16
시장,16
학교,16
결,16
작고,16
삭,16
다발,16
막히다,16
영화,16
발끝,16
쓰다듬다,16
넝쿨,16
호박,16
벌어지다,16
떨어뜨리다,16
이후,16
거미줄,16
그물,16
쏟아내다,16
옆집,16
화분,16
유령,16
빌리다,16
테이블,16
자루,16
매미,16
뚜껑,16
노랑,16
김,16
칼날,16
살구,16
권오준,16
오히려,15
허락,15
잡,15
위대하다,15
인지,15
빨,15
귀퉁이,15
거두다,15
몰아치다,15
머뭇거리다,15
결혼,15
화,15
회,15
경험,15
자연,15
오늘이,15
이끌다,15
작아지다,15
어떠하다,15
하라,15
싱싱하다,15
이루어지다,15
끊임없다,15
맞이,15
방문,15
힘겹다,15
떠나오다,15
들꽃,15
오래오래,15
유혹,15
권,15
노,15
맴돌다,15
몸짓,15
과일,15
낯,15
날아들다,15
덧,15
비키다,15
단어,15
부치다,15
팔이,15
방식,15
동굴,15
뻔하다,15
동그랗다,15
진짜,15
침,15
최선,15
시골,15
단추,15
막걸리,15
취해,15
꿇다,15
되돌아오다,15
열차,15
손님,15
드럽다,15
놀이,15
분홍,15
허기지다,15
빈집,15
피아노,15
계곡,15
가족,15
내면,15
농담,15
가늘다,15
현재,15
매화,15
도록,15
얼다,15
고민,15
터널,15
부리다,15
소용돌이,15
어스름,15
폭설,15
자동차,15
독,15
두껍다,15
튀어나오다,15
문자,15
딱딱하다,15
일요일,15
달라붙다,15
가늠,15
몸통,15
선생님,15
쓸리다,15
호랑이,15
팔다리,15
지문,15
추락,15
값,15
무한,15
까마귀,14
나룻배,14
흩날리다,14
더하다,14
하니,14
어서,14
소유,14
파편,14
자취,14
저편,14
빛과,14
우정,14
감사하다,14
이겠다,14
뿌옇다,14
맞대다,14
색깔,14
강하다,14
들어주다,14
손짓,14
포근하다,14
혹시,14
인지도,14
일지,14
훌쩍,14
발등,14
별로,14
취한,14
자유롭다,14
벤치,14
부터,14
쌀,14
등짝,14
달력,14
서른,14
움직임,14
곤,14
폭,14
먹음,14
얕다,14
책상,14
가기,14
머무르다,14
미리,14
챙기다,14
솟아오르다,14
데우다,14
운,14
시체,14
쪼개다,14
나아가다,14
변,14
착각,14
다행,14
분수,14
떠밀다,14
땅속,14
싹,14
타인,14
당하다,14
차고,14
조개,14
로,14
오른쪽,14
은밀,14
병원,14
입구,14
글씨,14
신호등,14
깔리다,14
각도,14
담벼락,14
건너오다,14
배달,14
밥상,14
턱,14
요즘,14
깨뜨리다,14
마,14
가벼워지다,14
납작하다,14
바나나,14
통증,14
종종,14
일제,14
말리,14
마늘,14
발가락,14
손금,14
대게,14
고이,13
고인,13
무작정,13
어르다,13
다다르다,13
역시,13
과,13
굴러가다,13
감나무,13
다짐,13
갈래,13
연인,13
자욱하다,13
정지,13
수천,13
한순간,13
먹구름,13
뚫리다,13
겪다,13
지루하다,13
지니다,13
덜다,13
설명,13
금세,13
금빛,13
하루살이,13
겠다,13
높이다,13
바람결,13
받아들이다,13
답,13
분명하다,13
마련,13
대화,13
갓,13
성하다,13
묵묵하다,13
제대로,13
솥,13
순수하다,13
오월,13
해지,13
연못,13
원래,13
라일락,13
발길,13
스무,13
백치,13
반듯하다,13
날씨,13
핏줄,13
빗속,13
안기다,13
동물,13
이승,13
올려다보다,13
눈보라,13
수건,13
기침,13
오른,13
함박눈,13
성북동,13
분노,13
팔다,13
가져가다,13
문제,13
산길,13
보석,13
정류장,13
꼭꼭,13
기어이,13
미처,13
두근거리다,13
차곡차곡,13
하자,13
발밑,13
수십,13
연필,13
수염,13
폐허,13
녹아내리다,13
불안하다,13
이자,13
눈알,13
손등,13
훑다,13
주변,13
툭툭,13
부,13
해변,13
꿈틀,13
똥,13
골,13
껌,13
막판,13
전체,13
벗겨지다,13
당나귀,13
궁리,13
그동안,12
그윽,12
거닐다,12
틀,12
면서,12
자라,12
찔리다,12
지면,12
느껴지다,12
흩다,12
국수,12
표현,12
압니,12
부탁,12
여덟,12
셋,12
신의,12
동전,12
사각,12
몹시,12
풀꽃,12
황홀하다,12
샘물,12
앞서,12
천지,12
씻기다,12
진정하다,12
잔뜩,12
미련,12
기둥,12
상,12
지피다,12
꼭대기,12
순이,12
화살,12
호흡,12
메아리,12
헐다,12
절대로,12
화려하다,12
주오,12
빨래,12
벚나무,12
서툴다,12
속눈썹,12
아지랑이,12
망,12
녹지,12
설,12
참되다,12
몸부림,12
해내다,12
부모,12
당연하다,12
노트,12
초승달,12
꽃송이,12
뜰,12
수백,12
반짝거리다,12
잠잠하다,12
사용,12
벌겋다,12
참고,12
조심,12
권리,12
주의,12
줄다,12
바치다,12
분명,12
얘,12
분다,12
설움,12
예감,12
심하다,12
채다,12
적막하다,12
책갈피,12
강아지,12
문지르다,12
모가지,12
포장,12
기대,12
물질,12
웃,12
실어,12
온전,12
비탈,12
차리다,12
칠,12
서성,12
받치다,12
창백하다,12
시달리다,12
처녀,12
생기,12
빨랫줄,12
무심코,12
이전,12
쏘다,12
유지,12
식물,12
아예,12
틀리다,12
감자,12
폐,12
묶인,12
찢기다,12
젓가락,12
정수리,12
녹슨,12
주문,12
왕,12
무사하다,12
쑥,12
노동자,12
악몽,12
깨물다,12
끼우다,12
장작,12
네모,12
불리다,12
내력,12
늑골,12
영,12
가닥,12
접시,12
담그다,12
알갱이,12
혓바닥,12
뒤편,12
애벌레,12
귀신,12
간격,12
전쟁,12
도망치다,12
집중,12
복도,12
물어보다,12
여관,12
부러,12
꽃등,12
앙상하다,11
자정,11
완벽하다,11
막막하다,11
나날,11
스레,11
눈감다,11
이웃,11
둥지,11
끝없다,11
의심,11
복판,11
축복,11
둘레,11
눈송이,11
부부,11
푸다,11
한계,11
서글프다,11
전깃줄,11
인정,11
나부끼다,11
잦다,11
쓰라리다,11
위안,11
제비꽃,11
물끄러미,11
이어도,11
로만,11
격정,11
빈자리,11
육신,11
외면,11
웃음소리,11
진하다,11
문신,11
사무치다,11
종소리,11
튀어,11
하룻밤,11
흉터,11
음성,11
까마득하다,11
봄빛,11
얼른,11
는가,11
낭떠러지,11
울부짖다,11
생일,11
끄트머리,11
집안,11
질투,11
아가,11
청춘,11
적당하다,11
서러움,11
누나,11
고정,11
시퍼렇다,11
증오,11
가락,11
한밤,11
하루하루,11
게로,11
사슴,11
완전하다,11
천장,11
카페,11
확인,11
다운,11
놀란,11
별자리,11
연애,11
이지,11
가리키다,11
지게,11
대숲,11
들려주다,11
꾸미다,11
초대,11
쫓기다,11
십년,11
당당하다,11
빌딩,11
이번,11
불가능하다,11
광장,11
날갯짓,11
꿈결,11
뽑히다,11
통째,11
차창,11
주렁주렁,11
어진,11
사나이,11
신고,11
석,11
젖히다,11
접,11
시대,11
마냥,11
아저씨,11
칠하다,11
가로,11
드나들다,11
택시,11
응시,11
가오리,11
훤히,11
점심,11
마중,11
피부,11
라며,11
워,11
쇠,11
가까워지다,11
나팔꽃,11
염소,11
펄럭,11
초원,11
구부러지다,11
싣다,11
진열,11
자궁,11
맛있다,11
떡,11
뱃속,11
초,11
바짝,11
악보,11
렁,11
각목,11
불편하다,11
달아오르다,11
용,11
절반,11
쪼그리다,11
농장,11
닭,11
사자,11
공터,11
내놓다,11
입속,11
역사,11
행성,11
내장,11
비닐봉지,11
철길,11
양철,11
회사,11
근육,11
치자,11
모여들다,11
한바탕,11
화장,11
증명,11
친,11
간혹,11
수조,11
투명,11
궁,11
김치,11
리어카,11
별채,11
긍정,11
우수수,10
다한,10
낮추다,10
풀밭,10
호,10
백합,10
주시,10
이끼,10
아쉽다,10
가난,10
석양,10
달라지다,10
늪,10
지난날,10
온종일,10
가라,10
부족하다,10
힘없다,10
박스,10
조,10
더불다,10
주고받다,10
빌다,10
방울방울,10
벼락,10
잡지,10
잠그다,10
뭔가,10
애틋하다,10
소리내다,10
폭우,10
만들어지다,10
대가,10
깜깜,10
도랑,10
제발,10
물든,10
황혼,10
물빛,10
타지,10
서랍,10
가다가,10
공,10
국밥,10
육체,10
하느님,10
강둑,10
방황,10
불길,10
종,10
어차피,10
시커멓다,10
느닷없다,10
감당,10
봄볕,10
정오,10
소리치다,10
거꾸로,10
병들다,10
도망가다,10
길목,10
숲속,10
내다보다,10
정리,10
우유,10
어느덧다,10
작별,10
옷자락,10
우연,10
린,10
내뱉다,10
물러서다,10
장미꽃,10
시원하다,10
모진,10
그려지다,10
상한,10
맹세,10
부엌,10
부디,10
별처럼,10
입맞춤,10
사장,10
천사,10
사탕,10
풍기다,10
거래,10
병아리,10
자두,10
장소,10
모란,10
목마,10
엎어지다,10
이쯤,10
세기,10
밀면,10
노루,10
솜털,10
야하다,10
피곤하다,10
뿜어내다,10
순식간,10
오해,10
근사하다,10
옷가지,10
몰리다,10
쓰기,10
아낙,10
즐기다,10
포개다,10
짓,10
봉투,10
장의,10
기름,10
밀리,10
부딪히다,10
매달다,10
새싹,10
다녀가다,10
앞서다,10
여우,10
예의,10
화면,10
제비,10
전의,10
보랏빛,10
내게로,10
마침표,10
엎,10
졸음,10
올해,10
후생,10
숨구멍,10
활,10
베란다,10
비행기,10
연꽃,10
그네,10
슬그머니,10
내부,10
나기,10
놔두다,10
오전,10
딸아이,10
파고,10
바람개비,10
녹,10
휘감다,10
출발,10
뛰어내리다,10
무거워,10
어긋나다,10
잉어,10
목구멍,10
휘두르다,10
한국,10
먹이다,10
댁,10
떠내려가다,10
남쪽,10
돌아다니다,10
숟가락,10
둥둥,10
채집,10
번호,10
보자기,10
발음,10
파다,10
웅덩이,10
물소,10
알몸,10
튀다,10
더럽다,10
구부리다,10
동물원,10
첫날,10
진화,10
아주머니,10
양파,10
카드,10
걷히다,10
마흔,10
안경,10
노모,10
대추나무,10
부정,10
마네킹,10
구둣방,10
밥통,10
쉬타,10
것임,9
문턱,9
지천,9
풍선,9
이틀,9
한겨울,9
멋지다,9
특별하다,9
서성이다,9
다리다,9
증거,9
연하다,9
갈망,9
떠들다,9
깨어지다,9
막무가내,9
뛰어들다,9
설령,9
허망,9
부스러기,9
지니,9
항구,9
음으로,9
악수,9
깊숙하다,9
망각,9
하필,9
상사,9
선하다,9
연민,9
손잡다,9
하이,9
주기,9
벗,9
피지,9
마르지,9
동백꽃,9
등대,9
비치,9
일인,9
거름,9
빈틈,9
열기,9
시도,9
숨쉬다,9
산골,9
입안,9
전해지다,9
잔디,9
지네,9
포구,9
힘차다,9
정작,9
가파른,9
지옥,9
열정,9
초라하다,9
부질없다,9
맺힌,9
놀랍다,9
여유,9
사투리,9
낮달,9
지은,9
폭포,9
둘러보다,9
상추,9
비단,9
실수,9
시멘트,9
고집,9
바닷물,9
넋,9
호명,9
목마름,9
기대하다,9
돕다,9
재미,9
설탕,9
뭐라다,9
잇다,9
미움,9
이모,9
붓다,9
거짓,9
찻집,9
배웅,9
실리다,9
메우다,9
만지작거리다,9
버릇,9
미로,9
발치,9
의하다,9
무화과,9
작업,9
리기,9
치우다,9
어귀,9
국경,9
꽃나무,9
펄럭이다,9
정이,9
핏물,9
넘어서다,9
눈시울,9
시각,9
날아다니다,9
무대,9
향수,9
발짝,9
흔하다,9
인,9
피로,9
광고,9
소용없다,9
저렇다,9
잿빛,9
띠,9
오가다,9
텃밭,9
전설,9
귓속,9
젖가슴,9
퉁퉁,9
들국화,9
실패하다,9
우르르,9
가령,9
우체국,9
손아귀,9
널다,9
대상,9
징그럽다,9
매번,9
가로지르다,9
아스팔트,9
사흘,9
뚝,9
배꼽,9
뉴스,9
다투다,9
맡기다,9
붓,9
뭉치다,9
산책,9
대가리,9
자두나무,9
상수리나무,9
굴리,9
더미,9
카메라,9
음표,9
의문,9
퍼즐,9
핏빛,9
휘청거리다,9
곡선,9
생선,9
현,9
붐비다,9
표,9
코끼리,9
막대기,9
간판,9
개구리,9
가랑이,9
키스,9
링,9
깜박,9
고삐,9
아련하다,9
끄덕,9
기지개,9
꽁꽁,9
기어오르다,9
기웃,9
한밤중,9
올려놓다,9
만이,9
트럭,9
알아보다,9
영역,9
뼘,9
휩쓸다,9
마스크,9
방이,9
끌어당기다,9
맥주,9
불리,9
탁자,9
새해,9
필사,9
대륙,9
서너,9
구분,9
물리,9
풍문,9
사촌,9
열쇠,9
손잡이,9
회전,9
살의,9
낱말,9
반지,9
묘지,9
잉,9
렌트,9
허전하다,8
리가,8
산봉우리,8
울면,8
어둔,8
절실,8
근심,8
휘날리다,8
일로,8
굳이,8
혈관,8
애도,8
숱,8
약하다,8
부유하다,8
지혜,8
불구,8
리라,8
국화,8
곧다,8
둘이서,8
반쪽,8
변치,8
저리다,8
귀엽다,8
도와주다,8
동그라미,8
선율,8
맛보다,8
동시,8
교차,8
이오,8
교회,8
한창,8
눈꽃,8
끊기다,8
얹히다,8
밤새다,8
열망,8
모닥불,8
바치,8
기회,8
외로워,8
내겐,8
이처럼,8
한잔,8
희생,8
건가,8
맵다,8
푸르른,8
비바람,8
밀물,8
낮아지다,8
무기,8
읽히다,8
구슬,8
절로,8
날짜,8
과녁,8
청년,8
옹이,8
들뜨다,8
예전,8
괴로움,8
형제,8
음식,8
탈,8
일찍,8
사납다,8
길들다,8
겨우내,8
싫어하다,8
주인공,8
나머지,8
우울하다,8
위장,8
사다리,8
찰나,8
켜지다,8
옷깃,8
늘리다,8
염려,8
뜻밖,8
겨,8
움직,8
방바닥,8
목덜미,8
고달프다,8
물러나다,8
오르내리다,8
낙서,8
보듬다,8
추,8
조카,8
계산,8
철새,8
게다,8
구석구석,8
순결하다,8
무어,8
갈색,8
우두커니,8
꽃봉오리,8
진리,8
작가,8
통로,8
고래,8
꽃망울,8
은하수,8
퍼붓다,8
진달래,8
어리석다,8
서리,8
비누,8
따름,8
층층,8
밀,8
게우다,8
카,8
녹슬다,8
저승,8
덩달아,8
조약돌,8
재촉,8
관심,8
안간힘,8
마치다,8
잇몸,8
파문,8
어둑하다,8
과육,8
후드,8
득,8
하마,8
정령,8
헤집다,8
안되다,8
얼룩지다,8
리치,8
기억나다,8
터뜨리다,8
권하다,8
우울,8
실컷,8
고작,8
십자가,8
누울,8
애가,8
삐죽다,8
겨드랑이,8
뉘,8
외투,8
관통,8
나이테,8
진심,8
적히다,8
영롱하다,8
송아지,8
홍수,8
섬광,8
뚱뚱하다,8
씩씩하다,8
라디오,8
지그시,8
신기하다,8
우아하다,8
기술,8
공부,8
글썽,8
산산이,8
가마솥,8
뒤란,8
꽃밭,8
흉내,8
산사나무,8
스물,8
유영,8
여럿,8
아라베스크,8
엄지,8
갈비뼈,8
부처,8
고리,8
닥치다,8
싸늘하다,8
늑대,8
텔레비전,8
몇몇,8
작년,8
일정하다,8
고라니,8
북적,8
신호,8
밑동,8
팍,8
애비,8
냉장고,8
암,8
달구다,8
달려들다,8
앉히다,8
현상,8
쌍,8
갈증,8
자작나무,8
차려,8
화단,8
소음,8
집어넣다,8
노릇,8
접힌,8
불의,8
중앙,8
복숭아,8
딱지,8
고드름,8
호박꽃,8
포도나무,8
덩굴,8
콘크리트,8
한여름,8
이쁘다,8
이탈,8
아가미,8
미동,8
도대체,8
연두,8
탱자,8
틔우다,8
두렁,8
은색,8
푹,8
빠져들다,8
소실,8
황,8
곰,8
조상,8
기껏,8
취기,8
송곳,8
해독,8
이미지,8
불행,8
대나무,8
사랑니,8
자리다,8
진동,8
필름,8
장례식,8
지점,8
중력,8
모시다,8
가까스로,8
적도,8
젓다,8
은사시나무,8
곤충,8
곳곳,8
경전,8
봉분,8
부풀리다,8
전봇대,8
의사,8
살점,8
뒷골목,8
배낭,8
숟갈,8
석류나무,8
술잔,8
광년,8
낮잠,8
어부,8
불매,8
고무줄,8
겁나다,8
짜장면,8
킬로,8
산맥,8
만세,8
스톡홀름,8
넉,7
르,7
어이,7
가꾸다,7
요구,7
내주다,7
집착,7
불과하다,7
헛된,7
일기장,7
썰물,7
어지럽다,7
바라다보다,7
거의,7
갈라,7
간이역,7
새벽녘,7
그릴,7
뚜렷하다,7
결정,7
숲길,7
듣기,7
마르,7
본적,7
넷,7
누리다,7
한평생,7
물줄기,7
헐렁하다,7
그거,7
정의,7
저절로,7
하나님,7
셀,7
일과,7
행동,7
가르치다,7
더없이,7
모자라다,7
지층,7
화석,7
넓어지다,7
올라타다,7
뚫어지다,7
두고두고,7
흐름,7
일만,7
의식,7
감각,7
인도,7
생생하다,7
드릴,7
알아주다,7
맞닿다,7
귓가,7
버드나무,7
다듬다,7
홀,7
필,7
오시,7
신기루,7
되돌리다,7
해진,7
올린다,7
페달,7
투성이,7
빈손,7
부끄러움,7
애절하다,7
꺽,7
로움,7
은은하다,7
춥다,7
간간이,7
촉촉하다,7
붙이,7
폭풍,7
무었,7
도처,7
제각기,7
마음껏,7
치의,7
바스락,7
뭇,7
무채색,7
훌륭하다,7
냇물,7
야위다,7
불현듯,7
빗장,7
서나,7
개나리,7
수박,7
잡초,7
중요하다,7
채운,7
초저녁,7
도달,7
보름달,7
여태,7
포도,7
실망,7
전혀,7
돌이키다,7
남지,7
얽히다,7
합치다,7
한자리,7
덕분,7
우표,7
마저,7
좋아지다,7
일구다,7
술병,7
표지,7
내버리다,7
탑,7
식당,7
녀석,7
섬진강,7
부둥켜안다,7
거듭,7
유년,7
심정,7
벌이,7
낙비,7
반드시,7
우체통,7
팔뚝,7
기준,7
일치,7
좀처럼,7
찌꺼기,7
버티고,7
일시,7
적신,7
초여름,7
멎다,7
목청,7
아가씨,7
새소리,7
푸른빛,7
눅눅하다,7
아궁이,7
지갑,7
눈뜨다,7
성자,7
보호,7
물감,7
도장,7
위엔,7
어색하다,7
소라,7
단숨,7
빨르다,7
식사,7
반지하,7
아찔하다,7
똑,7
사주다,7
엽서,7
익숙해지다,7
땀방울,7
굽히다,7
흠뻑,7
고장,7
건네주다,7
어도,7
청,7
스르르,7
환자,7
부비,7
외딴,7
종이배,7
번쩍,7
견고하다,7
알아듣다,7
탯줄,7
족,7
초록빛,7
허우적거리다,7
더위,7
낙,7
벨,7
상대,7
사이사이,7
손발,7
직전,7
알맹이,7
다람쥐,7
모시,7
돌이,7
스크린,7
줄줄이,7
살라,7
개울,7
탁하다,7
사고,7
수북하다,7
둑길,7
총,7
느릿느릿,7
놀,7
삐,7
소파,7
뒤꿈치,7
얼룩말,7
행,7
반대편,7
불경,7
로서,7
연대,7
반죽,7
한기,7
원숭이,7
쓰레기,7
피해,7
납작,7
형체,7
독하다,7
벌이다,7
생물,7
소란,7
팽창,7
살살,7
옥수수,7
허수아비,7
할퀴다,7
주검,7
삽,7
집들이,7
노숙,7
시끄럽다,7
데려오다,7
국물,7
스카프,7
미터,7
대책,7
설거지,7
제멋대로,7
까먹다,7
비행,7
궤도,7
사건,7
흥건,7
농사,7
뒤통수,7
독수리,7
보도블록,7
장롱,7
아랫목,7
통장,7
장례,7
빙빙,7
볶다,7
가요,7
전나무,7
태풍,7
앞발,7
현기증,7
화장실,7
창틀,7
즈음,7
사냥,7
목젖,7
출근,7
조심하다,7
비닐,7
꼴,7
행간,7
바구니,7
갚다,7
사체,7
칼레,7
파랑,7
표범,7
박수,7
신경,7
조르다,7
울림,7
기별,7
아비,7
셔츠,7
바이러스,7
상이,7
동백,7
밥풀,7
재생,7
거부,7
비문,7
송곳니,7
배신,7
생강나무,7
끼어들다,7
놀이터,7
지평선,7
도마,7
현관,7
빗금,7
출구,7
분주하다,7
달걀,7
컵,7
형광등,7
막내,7
탈출,7
흑백,7
복사꽃,7
해석,7
몰입,7
재다,7
기우,7
국,7
몸뚱이,7
블록,7
도끼,7
시동,7
무른,7
앵두나무,7
무더기,7
물집,7
호미,7
인상,7
독자,7
밥집,7
사거리,7
파닥이다,7
타래,7
냉이,7
선반,7
급,7
왕자,7
벽지,7
돌기,7
승강기,7
평강,7
전해,6
잠기,6
주,6
갯벌,6
뒤늦다,6
아마,6
여울,6
순례,6
나름,6
새까맣다,6
엷다,6
건강,6
허약하다,6
가치,6
억새,6
젊음,6
간밤,6
소풍,6
여백,6
뒤따르다,6
살피다,6
제목,6
치욕,6
시오,6
총총하다,6
나무라다,6
깜짝,6
취하,6
성산포,6
눈망울,6
만일,6
여겨지다,6
평범하다,6
성숙하다,6
해달라다,6
눈가,6
한구석,6
빼앗기다,6
어쩌다가,6
이사,6
여물,6
매,6
인내,6
그믐달,6
얼마만큼,6
밑바닥,6
퍼덕이다,6
새장,6
번은,6
천국,6
갈매기,6
환희,6
빌어,6
시내,6
증발,6
말기,6
질서,6
섬세하다,6
대형,6
자체,6
명상,6
자존심,6
결별,6
녹음,6
연분홍,6
흰색,6
일기,6
들추다,6
한아름,6
로써,6
뛰어다니다,6
들여놓다,6
너그럽다,6
모래알,6
려니,6
곡조,6
새삼,6
산속,6
산마루,6
상투,6
목적,6
자랑,6
늦가을,6
떨치다,6
외우다,6
연약하다,6
찾기,6
꿀,6
노크,6
도움,6
만약,6
덩,6
수줍다,6
어젯밤,6
찌다,6
왼손,6
되돌아가다,6
감겨,6
불멸,6
진실하다,6
불평,6
여름날,6
것일,6
당장,6
감옥,6
토요일,6
안개꽃,6
예고,6
파묻히다,6
돌려주다,6
티,6
피하,6
통속,6
색색,6
축제,6
트,6
일보,6
지하,6
바람꽃,6
배기,6
걸터,6
서해,6
빼곡,6
아늑하다,6
둥,6
지리산,6
밤길,6
포옹,6
억세다,6
두리번거리다,6
신나다,6
어가,6
회색,6
이국,6
아슬하다,6
꽃물,6
사월,6
당,6
나른하다,6
대기,6
백발,6
더디다,6
범,6
코스모스,6
짓무른,6
쓰리다,6
지배,6
겉,6
변명,6
상하,6
다스리다,6
기원,6
하늘만,6
구원,6
온도,6
연둣빛,6
수수,6
난로,6
보라색,6
아란,6
살결,6
사과나무,6
정맥,6
운동,6
대체,6
상관,6
주어지다,6
흠집,6
이윽고,6
주민,6
그이,6
마르고,6
엮어,6
최초,6
지폐,6
푸르름,6
부처님,6
오렌지,6
굴레,6
투,6
소박하다,6
악기,6
보내오다,6
시리,6
따라다니다,6
남겨지다,6
종말,6
정부,6
산등성이,6
휴지,6
반나절,6
살구꽃,6
여승,6
서정,6
얼음장,6
얼리다,6
표시,6
물음,6
한사코,6
형상,6
장식,6
입장,6
줄어들다,6
밝아지다,6
박,6
어쩐지,6
비싸다,6
하품,6
슬슬,6
인공,6
익,6
여지,6
려,6
활활,6
가시다,6
내용,6
돌보다,6
발의,6
뒤뜰,6
최고,6
비릿,6
내기,6
엿보다,6
야생,6
양식,6
헝클어지다,6
예언,6
황소,6
흐릿,6
움푹,6
예,6
상점,6
창고,6
신작로,6
장갑,6
전단지,6
남편,6
평,6
심해,6
투지,6
수군거리다,6
파묻다,6
핸드폰,6
흐릿하,6
형태,6
누에,6
참새,6
풀어지다,6
펜,6
암호,6
호기심,6
혀끝,6
나중,6
쇼핑,6
질주,6
식,6
코스,6
행선,6
운전,6
자갈,6
곰팡이,6
공이,6
이어진,6
빗다,6
고무신,6
부위,6
총알,6
불행하다,6
싸움,6
거처,6
과학,6
노동,6
수탉,6
궤,6
소가,6
제법,6
문밖,6
망치,6
갈아입다,6
간첩,6
도시락,6
중간,6
균형,6
욱,6
금기,6
굶다,6
돌부리,6
어른거리다,6
녹색,6
중독,6
눈사람,6
잉태,6
철제,6
뗏목,6
슬리퍼,6
노리다,6
뱃고동,6
수직,6
각,6
동료,6
밥그릇,6
병동,6
사회,6
치마폭,6
수확,6
걷어차다,6
오토바이,6
말라가,6
캐다,6
얌전하다,6
들끓다,6
종아리,6
인디언,6
쏠리다,6
실루엣,6
쓰레기통,6
랄,6
연주,6
습성,6
짐작,6
파닥거리다,6
고소하다,6
박쥐,6
곤두박질,6
므,6
담쟁이,6
살갗,6
관절,6
세포,6
발가벗다,6
엄니,6
망상,6
대의,6
가창오리,6
틈새,6
밥물,6
발뒤꿈치,6
신용,6
대출,6
소비,6
상환,6
대부분,6
상태,6
헐겁다,6
널브러져,6
완강,6
모과나무,6
좌판,6
연한,6
거룩하다,6
파먹다,6
배추,6
치명,6
고원,6
순록,6
동공,6
종교,6
박동,6
천리,6
소설,6
뒷산,6
봉지,6
청동,6
저장,6
안심,6
세로,6
족쇄,6
과연,6
신문,6
동사,6
유모차,6
도둑,6
연초록,6
발광하다,6
애초,6
잡아끌다,6
부수,6
망하다,6
둥치다,6
은어,6
안이,6
보따리,6
향내,6
비상,6
용산,6
심심하다,6
습기,6
은행나무,6
선잠,6
불치,6
셔터,6
시발,6
미루다,6
여행자,6
우럭,6
드리워지다,6
여신,6
데리다,6
대양,6
모래바람,6
가수,6
펄럭거리다,6
꽃받침,6
꾹꾹,6
작업복,6
공사,6
시소,6
발해,6
매만지다,6
안옹,6
붕대,6
골짝,6
지기,6
감독,6
대리,6
꽃일,6
두꺼비,6
워킹,6
잖다,5
백지,5
찬찬하다,5
뭉게구름,5
뭉게뭉게,5
칡꽃,5
칡,5
수심,5
주소,5
불신,5
어머님,5
바람소리,5
등뒤,5
튼튼하다,5
가시나무,5
폭풍우,5
변화,5
봄바람,5
리도,5
뻐꾸기,5
세탁,5
해봤다,5
우릴,5
성공하다,5
공중전화,5
수첩,5
소쩍새,5
잠도,5
멋있다,5
똑바로,5
굽이,5
평온,5
귓전,5
안도,5
보도,5
휴식,5
톨,5
두텁다,5
자가,5
들풀,5
멋,5
남고,5
사상,5
지식,5
동반,5
싸이다,5
절박,5
외모,5
그땐,5
생시,5
얀,5
눈밭,5
시냇물,5
허구,5
정열,5
만족하다,5
벅차다,5
숯,5
도려내다,5
후의,5
줄곧,5
태,5
심지어,5
시기,5
고서,5
다시금,5
호숫가,5
청순하다,5
어깨동무,5
한층,5
아름다워지다,5
아물다,5
후비다,5
파도치다,5
닻,5
매끄럽다,5
박하다,5
물새,5
엘리베이터,5
목적지,5
불로,5
연속,5
우러러,5
석류,5
월,5
두둑,5
대낮,5
태연하다,5
게으르다,5
시위,5
설레임,5
귓바퀴,5
오만하다,5
달무리,5
가나,5
돌담,5
주리,5
천막,5
조롱,5
한가지,5
혹독하다,5
시련,5
성장,5
짐짓,5
모이,5
소심하다,5
기지,5
경이,5
록,5
형편,5
간질,5
화요일,5
금요일,5
응,5
주말,5
나날이,5
하고프다,5
아우성,5
마음대로,5
연극,5
나무숲,5
사람인,5
이치,5
남남,5
최후,5
드,5
비틀,5
일그러지다,5
낭,5
측백나무,5
느티나무,5
여운,5
흉,5
비듬,5
넥타이,5
단풍나무,5
쓸데없다,5
실패,5
제사,5
장대,5
주장,5
즐거움,5
이러하다,5
저주,5
알리다,5
능력,5
물보라,5
억울하다,5
해체,5
꽃길,5
피기,5
등나무,5
실로,5
박자,5
미루나무,5
눈매,5
퇴근길,5
사랑받다,5
가정,5
벙어리,5
다,5
고립,5
땅바닥,5
무너,5
많아지다,5
끄덕이다,5
날뛰다,5
봉숭아,5
배꽃,5
황토,5
긴장,5
행인,5
호주머니,5
세차,5
계집애,5
토끼,5
뛰어가다,5
전이,5
오십,5
유채꽃,5
엇갈리다,5
주렴,5
동화,5
나뉘다,5
파헤치다,5
눌려,5
벌다,5
왕국,5
초조하다,5
규칙,5
실체,5
정성,5
별도,5
더욱더,5
말문,5
강렬하다,5
바탕,5
다독,5
잡풀,5
망가지다,5
씹히다,5
화상,5
샘,5
고비,5
봉우리,5
떤다,5
쉽사리,5
셈,5
억지로,5
고동,5
곳간,5
평화롭다,5
칭칭,5
천명,5
대학,5
며,5
외출,5
띄다,5
동거,5
다오,5
재밌다,5
아이스크림,5
푼,5
어설프다,5
등산,5
추하다,5
생사,5
회한,5
두둥실,5
배려,5
인화,5
둑,5
조절,5
손대다,5
다독이다,5
왕성,5
입히다,5
빛바랜,5
몽롱,5
고난,5
잠결,5
전선,5
발라,5
먼발치,5
합장,5
모조리,5
개비,5
허름,5
인적,5
밧줄,5
남녀,5
친하다,5
꽃불,5
기진,5
횡단보도,5
약간,5
껏,5
피멍,5
열흘,5
끼니,5
말갛다,5
세수,5
매듭,5
훨훨,5
살랑,5
터미널,5
청소,5
보드랍다,5
치기,5
요람,5
옳다,5
가능성,5
사뿐하다,5
저지르다,5
솨,5
빛살,5
금속,5
앞뒤,5
편의,5
직장,5
상수리,5
응답,5
친절,5
토란,5
리듬,5
남해,5
짓누르다,5
따갑다,5
반기다,5
귀뚜라미,5
두기,5
풍요,5
헬리콥터,5
앵두,5
실개천,5
리야,5
해대,5
파장,5
해당화,5
어항,5
저으,5
산란하다,5
읍내,5
유행가,5
소름,5
숫,5
답답하다,5
우묵하다,5
들썩이다,5
미끄럽다,5
움막,5
오디,5
쑥갓,5
판이,5
외치다,5
벽면,5
편의점,5
중생,5
뒤축,5
고층,5
고대,5
제단,5
지팡이,5
궁전,5
피자,5
악,5
우습다,5
심연,5
고봉,5
숭어,5
광목,5
치면,5
깨알,5
점점이,5
부고,5
성공,5
문구점,5
유방,5
능소화,5
위치,5
군락,5
다정,5
휘영청,5
밀치다,5
가쁜,5
자맥질,5
간장,5
오므리다,5
액자,5
쪼,5
인기척,5
기념,5
버스정류장,5
다지다,5
고등어,5
콧물,5
렸다,5
깜빡,5
치부,5
강남,5
백색,5
히잡,5
태아,5
윤기,5
댕,5
헝겊,5
혼잣말,5
보험,5
울대,5
부여잡다,5
허파,5
든든하다,5
복사기,5
안과,5
꽁무니,5
좌석,5
플랫폼,5
참나무,5
뒹구,5
행세,5
냉큼,5
방귀,5
징,5
단물,5
여보,5
앞산,5
흐려지다,5
찌푸리다,5
디다,5
부화,5
움큼,5
거푸집,5
억,5
내소사,5
우화,5
깜빡이다,5
무료,5
눈곱,5
려고,5
병과,5
누우,5
매화나무,5
앞마당,5
두루,5
해초,5
사냥꾼,5
먹고살다,5
물컹하다,5
방석,5
야간,5
소화,5
퇴근,5
모슬포,5
스,5
겨누,5
북상,5
콩,5
오로라,5
컹컹,5
지주,5
증언,5
경우,5
귀로,5
공룡,5
상어,5
사리,5
쪼가리,5
땡볕,5
쬐다,5
헐떡이다,5
설설,5
악마,5
먹듯,5
헛,5
한강,5
집도,5
꽃술,5
벌떡,5
분량,5
완전,5
마룻바닥,5
디디다,5
맞서다,5
헛헛,5
유언,5
솔,5
족속,5
불온,5
신들,5
쪼그라들다,5
구별,5
기척,5
직업,5
끼울다,5
구의,5
철로,5
감쪽,5
균열,5
달동네,5
체험,5
집요하다,5
좌우,5
겹겹,5
솜,5
번식,5
대요,5
후박나무,5
급격하다,5
오백,5
내쉬다,5
누렇,5
무표정,5
플라스틱,5
환장하다,5
여진,5
패인,5
구경,5
희박하다,5
푸딩,5
무쇠,5
커서,5
슬,5
변기,5
무릇,5
간섭,5
붙박다,5
질끈,5
가짜,5
입가,5
자본주의자,5
병실,5
촘촘하,5
뻐근하다,5
씌우다,5
침침하다,5
허리띠,5
휘발유,5
흐물흐물,5
모종,5
꼿꼿하다,5
무당벌레,5
맥박,5
직선,5
수평,5
분열,5
펄떡,5
멀쩡하다,5
격렬하다,5
탄생,5
회상,5
구덩이,5
치치,5
절정,5
목탁,5
부모님,5
빨강,5
한나절,5
위층,5
이팝나무,5
대추,5
왼발,5
최근,5
손가락질,5
복,5
따윈,5
황사,5
목줄,5
술집,5
젖꼭지,5
잔등,5
연등,5
괘,5
탁,5
꼬이다,5
피안,5
고무,5
선생,5
수액,5
객,5
베,5
기울기,5
먹히다,5
끔찍하다,5
나귀,5
중지,5
팝꽃,5
보시,5
꼼짝,5
자오선,5
현관문,5
엉망,5
처지,5
직립,5
짜내다,5
지탱,5
캐,5
화가,5
세간,5
산기슭,5
포클레인,5
콩나물,5
현장,5
가마,5
괄호,5
배우,5
절뚝,5
꿀꺽,5
복수,5
종시,5
폐차,5
울상,5
물구나무,5
애드벌룬,5
하이힐,5
맹금류,5
액체,5
안주,5
거북이,5
자살,5
갈기,5
팽팽하,5
빼,5
강원도,5
중랑천,5
당시,5
서자,5
농,5
비석,5
펌프,5
쌍둥이,5
료,5
비구름,5
복면,5
내외,5
철망,5
이론,5
엔진,5
참석,5
명퇴,5
원고지,4
넘어오다,4
열꽃,4
겸허,4
맙니,4
단맛,4
여위다,4
갑,4
허무,4
골똘히,4
젊은이,4
기계,4
아리다,4
뺏다,4
갈피,4
황량,4
감사,4
밤비,4
실어증,4
마음먹다,4
무언,4
무서리,4
길섶,4
징검,4
울렁거리다,4
값지다,4
영토,4
못내,4
인양,4
한치,4
소원,4
머릿결,4
사로잡히다,4
문명,4
정갈하다,4
빠뜨리다,4
험하다,4
평원,4
방파제,4
해삼,4
잠재우다,4
한결,4
성장하다,4
통한,4
이용,4
곳도,4
상큼,4
엮,4
조그마하다,4
일부,4
여야,4
식지,4
고스,4
맴도,4
마땅하다,4
떠가다,4
만리,4
산천,4
가신,4
서기,4
삼천,4
팔리다,4
삼백,4
티끌,4
틀어지다,4
가로막,4
생채기,4
나루터,4
방언,4
황새,4
두레박,4
몸서리,4
괴롭히다,4
신선하다,4
씁쓸하다,4
트이다,4
식히다,4
투신,4
그럴듯하다,4
샘솟다,4
범람,4
어기다,4
고마움,4
보답,4
재잘거리다,4
뽀오얀,4
불가능,4
동무,4
저녁놀,4
꽃그늘,4
한철,4
목욕,4
내색,4
밤늦다,4
수요일,4
무척,4
좀더,4
저만큼,4
접시꽃,4
밤낮,4
뽀얗다,4
정직하다,4
반도,4
초장,4
신앙,4
한눈,4
철썩,4
보태,4
피리,4
얼,4
되풀이,4
사귀다,4
성격,4
어리석음,4
정녕,4
냉정하다,4
재우다,4
쭈그리다,4
조차,4
내보내다,4
숭숭,4
텅빈,4
릴,4
잡목,4
차디차다,4
이나,4
고적,4
성당,4
상대방,4
달콤,4
어지럽히다,4
비비고,4
뛰어오다,4
재치,4
안달,4
모질다,4
자연스럽다,4
오거,4
안전하다,4
부르르,4
직녀,4
나니,4
서녘,4
동구,4
우물가,4
몸살,4
산도,4
팔면,4
이도,4
밤새우다,4
퀭,4
개도,4
음악처럼,4
문법,4
백골,4
하나요,4
소담,4
다방,4
선뜻,4
동경,4
건너편,4
진땀,4
뻗치다,4
미물,4
어여쁘다,4
물망초,4
층계,4
등지,4
주체,4
술렁이다,4
길거리,4
장님,4
야단,4
자물쇠,4
작품,4
휴대폰,4
무지,4
파지,4
가엾다,4
무상,4
멍에,4
말뚝,4
천지간,4
가누다,4
둘러싸다,4
대단하다,4
찰랑거리다,4
퍼내다,4
무시,4
존중,4
고지서,4
어렴풋하다,4
개인,4
인부,4
찾아다니다,4
수명,4
서운하다,4
수록,4
속절없다,4
미나리,4
장다리,4
여치,4
표면,4
부피,4
화사하다,4
일용,4
쑤시다,4
톱밥,4
설원,4
요즈음,4
날기,4
여울목,4
깜박이다,4
팬,4
섭리,4
샤갈,4
올리브,4
투쟁,4
본래,4
채석장,4
좌절,4
하하,4
가장자리,4
뛰어넘다,4
살금살금,4
대면,4
속리산,4
평평하다,4
교수,4
쉰,4
담요,4
방안,4
빳빳,4
첫째,4
첨탑,4
폭력,4
화해,4
품속,4
일일,4
보살피다,4
성실하다,4
사진기,4
수리,4
갖추다,4
겸손하다,4
고가,4
과정,4
옆모습,4
신뢰,4
수선화,4
솔바람,4
귓밥,4
휴가,4
고랑,4
증,4
기미,4
마무리,4
종착역,4
산비탈,4
전보,4
천정,4
가라앉히다,4
나타내다,4
점차,4
극장,4
부재,4
위태,4
곡예,4
불쌍하다,4
기능,4
뒤채,4
거림,4
송사리,4
교통사고,4
싸락눈,4
임진,4
은행,4
죽죽,4
기약,4
산모퉁이,4
비웃다,4
브레이크,4
산죽,4
물수제비,4
가구,4
대접,4
해남,4
총총,4
머슴,4
싱겁다,4
비비,4
누대,4
빗자루,4
주름살,4
주입,4
고도,4
성문,4
아름,4
우선,4
멋쩍,4
턴다,4
희한하다,4
산새,4
대웅전,4
맨몸,4
울먹이다,4
멍하니,4
개업,4
행위,4
능금,4
문간방,4
마감,4
한계령,4
뵈다,4
무량,4
수상한,4
확실하다,4
쓸모,4
변두리,4
입지,4
인용,4
전진,4
절의,4
사지,4
혼란,4
지난해,4
부추기다,4
백화,4
수복,4
들락거리,4
스피커,4
딱하다,4
볼펜,4
탱탱하다,4
창호지,4
등걸,4
카펫,4
기세,4
나선,4
산동,4
풍기,4
유독,4
법당,4
바가지,4
뻣뻣하다,4
표류,4
홀연,4
운동화,4
빙하,4
시신,4
데려가다,4
행진,4
창궐,4
이월,4
썰다,4
길흉,4
유월,4
몽땅,4
더러워지다,4
구절,4
장수,4
샤먼,4
초경,4
숭배,4
귀하,4
만하,4
메일,4
귀하다,4
수년,4
분리,4
둥그런,4
지로,4
만들기,4
빽빽하다,4
천성,4
대금,4
틀어막다,4
유폐,4
쉼표,4
찧다,4
퇴직,4
노트북,4
메뚜기,4
북쪽,4
간이,4
역병,4
모자라,4
취향,4
형식,4
배반,4
발굴,4
나물,4
이백,4
재단,4
부패하다,4
색종이,4
사서,4
경적,4
직원,4
발효,4
자수,4
산소,4
간결하다,4
세워지다,4
남산,4
달달,4
팽팽,4
흥분,4
잔해,4
벽화,4
회초리,4
직행,4
콧노래,4
수척하다,4
영하,4
불판,4
꿰매다,4
전원,4
짧아지다,4
학생,4
고막,4
거렸,4
변신,4
시월,4
소통,4
월요일,4
부르트다,4
쪽지,4
망치다,4
팻말,4
휴일,4
전당포,4
교미,4
주둥이,4
동맥,4
안팎,4
배치,4
닭장,4
암흑,4
정면,4
치우치다,4
훅,4
동백나무,4
살펴보다,4
동상,4
빨갱이,4
수술,4
스위스,4
대칭,4
묵직하다,4
멧돼지,4
살림,4
벼르,4
자막,4
돛,4
거려,4
포말,4
지경,4
절구통,4
부지,4
비대,4
무사,4
출몰,4
명사,4
허방,4
퇴비,4
환,4
명태,4
애호박,4
책보,4
흠칫,4
위험,4
곯다,4
바닥나다,4
이정표,4
세력,4
골몰,4
활보,4
팔지,4
부채,4
직박구리,4
지우개,4
이발소,4
사금,4
해류,4
갈아타다,4
사육,4
낮술,4
해풍,4
이식,4
꾸벅,4
사무실,4
가져오다,4
결심,4
장막,4
홀랑,4
의존,4
햇,4
바스러지다,4
삼십,4
등장,4
소멸,4
수신,4
복원,4
좁히다,4
구성,4
배역,4
달린다,4
행렬,4
서류,4
에너지,4
반딧불,4
별똥별,4
사의,4
전갈,4
질리다,4
다시마,4
부식,4
백년,4
영웅,4
귓불,4
곡,4
이민,4
쑤다,4
침울하다,4
큐피드,4
하트,4
옷장,4
생전,4
고치,4
외부,4
얘길,4
모임,4
순서,4
반찬,4
캄캄해지다,4
자장면,4
꽁초,4
푸근하다,4
모처럼,4
불운,4
좌,4
모래톱,4
무허가,4
빨아들이다,4
오른발,4
뭉툭,4
검증,4
뼈대,4
십여,4
어쩌자,4
조끼,4
립스틱,4
관광,4
숙박,4
꽃무릇,4
구절초,4
양귀비,4
목화,4
추리,4
사정,4
수런거리다,4
넓히다,4
몽,4
거릴,4
침몰,4
너른,4
날숨,4
어금니,4
풀숲,4
수풀,4
알기,4
나팔,4
무명,4
설치,4
마취,4
물음표,4
무장,4
먹물,4
부풀,4
공평하다,4
진작,4
분류,4
야외,4
블랙홀,4
광,4
냉동,4
미끼,4
켤레,4
이념,4
동일하다,4
원형,4
보존,4
미지,4
상가,4
봉인,4
어쨌든,4
음미,4
폭발,4
쿵,4
모로,4
말랑말랑하다,4
덜커덩,4
남천,4
불타,4
파국,4
순진하다,4
이목구비,4
유리잔,4
연소,4
사미족,4
일어나지,4
이부자리,4
무중력,4
튕겨,4
뜰채,4
두께,4
이십,4
휩싸이다,4
뙤약볕,4
예리하다,4
상류,4
빳빳하,4
지뢰,4
부럽다,4
채찍,4
로나,4
호두나무,4
달싹,4
안방,4
움츠러들다,4
요동치다,4
궁극,4
방울토마토,4
봄꽃,4
쓸모없다,4
도리,4
무럭무럭,4
반응,4
어디가,4
항문,4
제나,4
이제야,4
단호,4
칼끝,4
목격,4
공동체,4
소쿠리,4
까끌까끌하다,4
둘러싸이다,4
징검돌,4
담보,4
샛노란,4
기이하다,4
탄성,4
꿀벌,4
순환,4
핑계,4
뭉,4
아래쪽,4
왕관,4
비운,4
날갯죽,4
팔월,4
해고,4
이란,4
전문,4
징후,4
뭍,4
밝혀지다,4
붕붕,4
구부리,4
수초,4
외할머니,4
늦,4
요정,4
지퍼,4
윤곽,4
연결,4
성질,4
물렁하다,4
초침,4
노파,4
가판,4
회랑,4
컵라면,4
은하,4
포,4
협곡,4
선혈,4
등짐,4
케이크,4
위험하다,4
기체,4
보리밭,4
암자,4
비유,4
클릭,4
전화기,4
수고,4
트리,4
목걸이,4
세운,4
열중,4
걸이,4
느낌표,4
직소폭포,4
출근길,4
부검,4
건강하다,4
해결,4
농부,4
뼈마디,4
와인,4
비장하다,4
감지,4
광화문,4
시뻘겋다,4
반성,4
사인,4
행적,4
안주인,4
거실,4
심각하다,4
넙치,4
부릅뜨다,4
경사지다,4
태엽,4
학년,4
주제,4
심부름,4
차이,4
버튼,4
쩍,4
오차,4
개지,4
메모,4
문화,4
프로펠러,4
락,4
정보,4
더니,4
수거,4
퍼,4
침실,4
포커,4
월급,4
그간,4
통통,4
냉기,4
회복,4
가계,4
후농,4
수저,4
핏,4
오죽,4
액면가,4
공명,4
애잔하다,4
우금치,4
무력하다,4
수렁,4
부족,4
나흘,4
와르르,4
들락,4
하천,4
군데군데,4
거들다,4
휠체어,4
우물거리다,4
지불,4
살가죽,4
소꿉놀이,4
핏방울,4
꿈쩍,4
깡마르다,4
미국,4
열무,4
도마뱀,4
후미,4
예민하다,4
하현달,4
고체,4
유골,4
올라서다,4
촘촘,4
미아,4
유,4
천적,4
텅텅,4
디자인,4
이발사,4
본명,4
왕벚나무,4
옛사랑,4
세탁소,4
허벅지,4
북북,4
샅,4
꼽추,4
서슬,4
동글동글,4
현악기,4
압,4
이웃집,4
윷,4
노예,4
이우,4
하우스,4
각오,4
지하도,4
척추,4
째깍,4
산벚나무,4
궁뎅,4
굿모닝,4
골뱅이,4
잉크,3
새털,3
동행,3
화음,3
일가,3
주신,3
모국어,3
굽이치다,3
번진,3
정녕코,3
과실,3
노상,3
까치밥,3
서산,3
림,3
감히,3
그로,3
눈높이,3
재산,3
부대끼다,3
참담하다,3
상심,3
뜯기다,3
택,3
광막,3
바라지,3
습,3
습하다,3
절개,3
익숙,3
동서남북,3
늘어서다,3
서성대다,3
없애다,3
맙시,3
쭉정이,3
도배,3
쫓아오다,3
가리우다,3
하찮다,3
눈웃음,3
아쉬움,3
뒤안길,3
누님,3
정답,3
허무하다,3
행복감,3
강도,3
꽃씨,3
속삭임,3
숨쉬기,3
늦추다,3
런가,3
륵,3
표절,3
졸이다,3
앞날,3
뜨이다,3
소용,3
자격,3
뛰어나다,3
눈물나다,3
괴어,3
보름,3
뱃머리,3
지름길,3
그리움만,3
오만,3
남녘,3
기러기,3
뜬눈,3
짚신,3
육십,3
행운,3
풍요롭,3
고뇌,3
격려,3
한지,3
깨달음,3
지금껏,3
시름,3
사이좋다,3
가든,3
선인장,3
지속,3
슬하,3
꾸밈,3
편지지,3
원망하다,3
알뜰하다,3
금잔디,3
심심,3
금강,3
밤꽃,3
울적하다,3
멍석,3
속마음,3
넌지시,3
초롱,3
전주,3
덫,3
둘러서다,3
툼,3
겨를,3
시나,3
브로,3
무덥다,3
체념하다,3
꽃비,3
순정,3
개운하다,3
원인,3
유산,3
뿌리치다,3
짝사랑,3
연상,3
애기,3
구애,3
나리꽃,3
마법,3
일찍이,3
분신,3
숭고하다,3
감탄,3
사로자다,3
한가롭다,3
찍,3
적절하다,3
충고,3
칭찬,3
솔직하다,3
외줄기,3
계시,3
분분하다,3
낙화,3
헤어지자,3
톡톡,3
통화,3
장엄하다,3
곧바로,3
파도처럼,3
예외,3
주거,3
보금자리,3
천사도,3
토닥,3
크나크다,3
해질녘,3
목재,3
꾸중,3
충실하다,3
암만,3
살길,3
들어맞다,3
채소,3
저러다,3
나약하다,3
그다지,3
커버,3
용납,3
대리석,3
이글거리다,3
치이다,3
윽,3
냇가,3
숨가쁘다,3
잉잉,3
인식,3
조이,3
떨기,3
숨막히다,3
전화하다,3
종은,3
무관심,3
심지,3
반려,3
하늘색,3
겉모습,3
도하,3
목조,3
적산,3
가옥,3
낫,3
기간,3
미풍,3
성경책,3
폐가,3
전락,3
강인하다,3
절하,3
나앉다,3
이제껏,3
짤막하다,3
미모,3
부시,3
살얼음,3
찬비,3
보람,3
올려주다,3
살포시,3
으리,3
해주시,3
견우,3
후미지다,3
달님,3
햇발,3
부끄럼,3
동지,3
거스른다,3
일방,3
주리다,3
모래성,3
앞길,3
불혹,3
채색,3
진실되다,3
보더,3
귀찮다,3
보상,3
풋,3
홀가분하다,3
작,3
체념,3
동동,3
별다르다,3
푯말,3
응달,3
괸,3
흠,3
예순,3
문학,3
한탄,3
달밤,3
꽃빛,3
좇,3
가랑잎,3
내딛다,3
겨울비,3
흰구름,3
능선,3
하동,3
폭염,3
볼일,3
결과,3
환상,3
심중,3
항시,3
명예,3
억수,3
비틀비틀,3
헤,3
쉬이,3
경,3
노새,3
종달새,3
짊어지,3
첩첩,3
게임,3
치솟다,3
음계,3
이역,3
질퍽,3
지껄이다,3
불볕,3
주저,3
렵니,3
실눈,3
하물며,3
장애,3
원수,3
냉면,3
야무지다,3
조바심,3
암울하다,3
천만,3
항복,3
철문,3
한없다,3
갈구다,3
필연,3
유유,3
봉사,3
태도,3
큰소리,3
갖가지,3
불덩이,3
지진,3
복잡하다,3
성내다,3
깨달,3
보고서,3
흑암,3
마음이여,3
치유,3
참혹하다,3
찰,3
부어,3
논둑,3
일어,3
안쓰럽다,3
탄광,3
갈기갈기,3
사라,3
화약,3
듭니,3
촉촉,3
오르막,3
첼로,3
대합실,3
그믐,3
광주리,3
부리고,3
충전,3
드러눕다,3
삼월,3
바르르,3
아릿하다,3
잔치,3
명랑하다,3
로이,3
놓아두다,3
메시지,3
데마,3
따내다,3
운동장,3
캔버스,3
양동이,3
뛰어놀다,3
짬,3
선망,3
세속,3
찰랑이다,3
땀내,3
공손하다,3
전날,3
되찾다,3
통곡,3
틀림없다,3
만원,3
절간,3
어요,3
사면,3
서성거리다,3
가뭄,3
온화하다,3
하늘빛,3
자태,3
방긋,3
신성하다,3
개밥바라기,3
금붕어,3
리본,3
즐비하다,3
조심스럽다,3
사철,3
양보,3
꼬박꼬박,3
랗,3
여리고,3
권력,3
염불,3
갈림길,3
귀중하다,3
사그라지다,3
알아차리다,3
외쪽,3
가져다주다,3
가문,3
코피,3
모래밭,3
비롯,3
한세상,3
수야,3
밤잠,3
비애,3
의상,3
애정,3
도어,3
덜컥,3
온유,3
도망,3
파릇파릇,3
듬직하다,3
뜨락,3
리오,3
장마,3
파꽃,3
해묵,3
백로,3
롯,3
나들이,3
아야,3
악연,3
헌,3
복숭아꽃,3
툇마루,3
털리다,3
치장,3
굼뜬,3
민망하다,3
돈황,3
나지막하다,3
꽃신,3
일몰,3
다듬어지다,3
자판기,3
이보,3
나본,3
변질,3
올가미,3
속죄,3
움츠리다,3
오신,3
손수건,3
참깨,3
막대,3
업자,3
상사화,3
장난,3
아카시아,3
찬물,3
알알이,3
호사,3
예사롭다,3
대못,3
결의,3
일어난다,3
자세하다,3
적지,3
목말,3
싸리,3
융단,3
아주까리,3
거구,3
엄청나다,3
꿩,3
할배,3
목표,3
난류,3
밤중,3
충혈,3
일거리,3
꼬부라지다,3
시샘,3
유배,3
혼돈,3
보급,3
도덕,3
신물,3
새마을,3
근대화,3
플래카드,3
울창,3
가쁘,3
세탁기,3
맹목,3
쫒다,3
졸,3
시간표,3
자본,3
연잎,3
미가,3
북극,3
창의,3
중년,3
불륜,3
고공,3
소란하다,3
플,3
갖은,3
낚아채다,3
정치,3
하강,3
멱살,3
으슬으슬,3
절기,3
수난,3
거란,3
액정,3
남근,3
상상력,3
대강,3
마트,3
명중,3
총각,3
절멸,3
몸무게,3
부호,3
붙잡히다,3
박아,3
후려치다,3
자판,3
사선,3
홉,3
예정,3
어릿광대,3
회화,3
술통,3
위태롭,3
박꽃,3
거만하다,3
귓속말,3
핸들,3
정교하다,3
사슬,3
택배,3
로타리,3
발송,3
반송,3
전언,3
로프,3
자벌레,3
구역,3
합성,3
장맛비,3
베일,3
착,3
불끈,3
야생마,3
작살,3
포획,3
다툼,3
재료,3
건널목,3
박물관,3
안내,3
둘째,3
며느리,3
손자,3
운전기사,3
치레,3
나마,3
찾아보다,3
당산,3
무니,3
서거,3
예상,3
무정하다,3
도의,3
톤,3
유연하다,3
팬티,3
밥솥,3
짠맛,3
렌즈,3
암실,3
흥얼거리다,3
늘어놓다,3
중학교,3
학원,3
거머리,3
아스라하다,3
실현,3
소소하다,3
가리봉동,3
술자리,3
월세,3
화학,3
프리즘,3
이녁,3
잡아채다,3
목책,3
탐욕,3
챙,3
뒤뚱뒤뚱,3
유행,3
헷갈리다,3
악물다,3
데칼코마니,3
선연하다,3
이뤄지다,3
구로,3
장난감,3
실의,3
벽난로,3
천도,3
생살,3
덤,3
조립,3
비슷하다,3
드라이버,3
부딪는,3
외침,3
좌표,3
발버둥치다,3
아슬아슬하다,3
큰길,3
창창하다,3
코앞,3
차이다,3
맨드라미,3
쌀쌀하다,3
물풀,3
딱따구리,3
현생,3
상징,3
생존,3
표준,3
척도,3
고목,3
전율,3
동산,3
이산,3
고려,3
금강산,3
선착장,3
일주일,3
치료,3
만두,3
빻,3
조여,3
깽,3
구간,3
호위,3
합창,3
찡그리다,3
사람살이,3
검불,3
망연자실,3
물꼬,3
기막히다,3
한그루,3
가려진,3
심호흡,3
파리하다,3
은근,3
호호,3
새댁,3
추수,3
웁,3
냥,3
일쑤,3
불과,3
팽,3
부스스,3
마약,3
허밍,3
으르렁,3
덥석,3
자력,3
계,3
버들,3
필휘,3
주석,3
편도,3
위아래,3
엑스레이,3
점령,3
헛것,3
뻔,3
사하다,3
전전긍긍,3
포효,3
싸인,3
알아채다,3
중앙시장,3
진부령,3
연거푸,3
디지털,3
시외버스,3
빙그레,3
벼르던,3
예각,3
국밥집,3
평상,3
놀림,3
육지,3
수련,3
격자,3
아몬드,3
출입구,3
자전,3
가려지다,3
테두리,3
것이므,3
나사,3
가운,3
김칫국,3
버짐,3
덕,3
매끈하다,3
상인,3
모르핀,3
하수도,3
출신,3
쌀뜨물,3
몸집,3
정액,3
성기,3
맘껏,3
선수,3
덤불,3
잔고,3
건성,3
연속극,3
적요,3
장대비,3
으레,3
친구여,3
당황,3
상영,3
짤랑거리다,3
인류,3
사후,3
쪽마루,3
민박,3
시큼하다,3
코로,3
우뚝,3
벌린다,3
새벽이슬,3
관음,3
여름밤,3
개천,3
수업,3
일부러,3
근원,3
절규,3
역다,3
초점,3
안면,3
낱낱이,3
수치,3
발갛,3
쏘가리,3
배회,3
네네,3
속옷,3
노란색,3
엉뚱하다,3
골치,3
소스,3
침범,3
물체,3
등줄기,3
찰랑,3
하이에나,3
아,3
폐지,3
몽둥이,3
통치,3
할애비,3
꾸짖다,3
소개,3
서마늘,3
지구별,3
전사,3
부여,3
은유,3
쩍쩍,3
보폭,3
탁탁,3
얽다,3
외줄,3
기고,3
불나방,3
빗질,3
일종,3
디디,3
나방,3
중천,3
우레,3
노안,3
연골,3
저당,3
옷소매,3
조련,3
기형,3
장사,3
두더지,3
건설,3
극단,3
유전자,3
네온,3
장악,3
주황색,3
탕,3
칸칸,3
이익,3
구걸,3
수단,3
백일홍,3
개망초,3
수국,3
녹두,3
삿된,3
초입,3
파동,3
뻑뻑,3
발가벗기다,3
난전,3
들숨,3
퇴고,3
실없다,3
돗자리,3
파이다,3
유전,3
갉아먹다,3
겸손,3
곳곳이,3
길손,3
자지러지다,3
목쉰,3
우리나라,3
스크린도어,3
당한,3
팔랑,3
숨바꼭질,3
송골매,3
칩,3
물자,3
산양,3
리터,3
오천,3
설익다,3
교복,3
카네이션,3
고만고만하다,3
기호,3
실내,3
일렁,3
뛰어오르다,3
묵음,3
절도,3
액,3
파산,3
요일,3
금지,3
뒷마당,3
퍼덕거리다,3
둘러매다,3
머플러,3
들이밀다,3
안전,3
자연사,3
선량하다,3
꼼꼼하다,3
찬란,3
말랑하다,3
제공,3
교차로,3
고통스럽다,3
아가리,3
물때,3
살찌다,3
분실,3
장터,3
갯,3
활자,3
전등,3
구문,3
삼,3
따먹다,3
착시,3
바삐,3
차도,3
모과,3
실종,3
결말,3
마침,3
획,3
따라서,3
핏기,3
밀봉,3
폐부,3
어째서,3
편애,3
서인,3
밀가루,3
버터,3
다소곳하다,3
별별,3
식욕,3
반경,3
체위,3
발명,3
빅뱅,3
잡아타다,3
삽입,3
금천,3
청각,3
유성,3
단순하다,3
샤워,3
향초,3
툰드라,3
비장,3
공동묘지,3
휘장,3
문틈,3
주의자,3
요약,3
고름,3
떠보다,3
새우,3
미라,3
발도,3
짙어지다,3
조이다,3
주로,3
무지개다리,3
동심,3
굴피집,3
흠씬,3
책벌레,3
맵,3
절취,3
마크,3
부레,3
베인,3
저울,3
주차,3
이생,3
모성,3
물고기자리,3
수정,3
처음처럼,3
저자,3
그득하다,3
처서,3
따지다,3
전진한,3
앙금,3
복용,3
행방,3
팔자,3
악취,3
점집,3
중인,3
매연,3
들러붙다,3
수입,3
시험,3
더라도,3
튼실하다,3
사치,3
번역,3
허옇,3
냉각,3
돌연,3
하중,3
하인,3
인과관계,3
명확하다,3
탄력,3
주르륵,3
예보,3
비틀리다,3
불량하다,3
진물,3
끙끙,3
거린,3
경배,3
오리가,3
스푼,3
복제,3
감동,3
끈질기다,3
반점,3
양쪽,3
경건하다,3
턴,3
먹기,3
양치기,3
질량,3
만화경,3
복사,3
팩,3
의중,3
흐느낄,3
한송이,3
무례하다,3
개진,3
눈살,3
장날,3
화성,3
차선,3
편이,3
펑펑,3
자위,3
브래지어,3
등뼈,3
풍뎅이,3
물통,3
아현동,3
벌린,3
조명,3
신명,3
모호하다,3
얼마간,3
딸리다,3
족보,3
목록,3
렸,3
거둬들이다,3
실실,3
옛말,3
별천지,3
호스,3
상복,3
향나무,3
미고,3
문어,3
터너,3
전신,3
번쩍이다,3
번번이,3
톡,3
목사,3
반바지,3
원근법,3
섹스,3
앞니,3
교실,3
지병,3
다행하다,3
컴퓨터,3
천문학,3
타로,3
서양,3
도표,3
뒤끝,3
술값,3
눌,3
공모,3
쭉쭉,3
절절,3
간단하다,3
우려,3
오리나무,3
오목하다,3
잎맥,3
씨알,3
매실,3
비스듬,3
분침,3
시침,3
알람,3
응원,3
빗발,3
여간,3
가래,3
인근,3
잣알,3
발기다,3
리필,3
대롱,3
치켜들다,3
육,3
소매,3
약지,3
난처하다,3
뼛,3
식탁보,3
당부,3
저지,3
추가,3
합류,3
건전지,3
곽,3
넓적하다,3
박살,3
고생,3
사태,3
선언,3
운석,3
분노하다,3
국민학교,3
모금,3
환갑,3
홑,3
시야,3
흥,3
톱질,3
말씀드리다,3
칵테일,3
예술,3
매력,3
봉제,3
방전,3
길고양이,3
모델하우스,3
멸치,3
노루귀,3
꽃다지,3
봄밤,3
종이학,3
불쏘시개,3
신문지,3
그을음,3
창자,3
두레,3
레,3
나침반,3
음각,3
청개구리,3
내통,3
금발,3
아래층,3
모순,3
각주,3
터득,3
참말,3
우듬지,3
양수,3
소릴,3
타악기,3
피우지,3
적의,3
댐,3
수문,3
미궁,3
선포,3
수레,3
음률,3
요지부동,3
방류,3
뒷길,3
겨울잠,3
순다,3
매니큐어,3
오른손,3
들르다,3
반달,3
잡탕,3
자로,3
쭉,3
쫓아가다,3
치밀하다,3
말투,3
쐬다,3
된장찌개,3
뒤틀리다,3
주춧돌,3
기와,3
기한,3
생략,3
아름드리,3
사항,3
측량,3
난해하다,3
본질,3
검지,3
목발,3
큰절,3
실핏줄,3
시큰거리다,3
무등산,3
하수,3
뒤엉킨,3
입자,3
밑줄,3
드라이아이스,3
나동그라지다,3
가의,3
시옷,3
정성껏,3
간소,3
물총새,3
흥분하다,3
광고지,3
보일러,3
한가하다,3
음새,3
충돌,3
가래침,3
트렁크,3
발설,3
똥파리,3
옹기종기,3
화도,3
죄악,3
다알리아,3
메스,3
덤벼,3
퀴퀴하다,3
검어지다,3
비보,3
퍼렇다,3
치맛,3
우스꽝스럽다,3
몰골,3
흑점,3
은수저,3
도적,3
컴컴하다,3
도둑고양이,3
뻘뻘,3
디카,3
거북,3
차림,3
빈소,3
그저께,3
해안,3
정거장,3
것입,3
청어,3
폭탄,3
도구,3
구부정하다,3
태생,3
높아지다,3
불길하다,3
정어리,3
너비,3
선산,3
감전,3
불투명하다,3
내려지다,3
석상,3
금대,3
싱그럽다,3
여동생,3
말년,3
전송,3
파일,3
붕어,3
웬,3
팔딱거리다,3
찌그러지다,3
문짝,3
신열,3
호루라기,3
페인트,3
어는점,3
심야,3
옹글,3
코끝,3
수분,3
콤,3
취직,3
째다,3
해안가,3
끝장,3
예명,3
호상,3
도래,3
지렁이,3
질질,3
물관,3
첫돌,3
일력,3
요청,3
모음,3
이발관,3
달기,3
리다,3
쪽문,3
뒤척거리다,3
연탄,3
비파,3
경상도,3
너덜너덜하다,3
마우스,3
염통,3
열병,3
암캐,3
의외,3
면발,3
염원,3
시집가다,3
밤낮없이,3
그으,3
성나다,3
객잔,3
고수,3
절제,3
선글라스,3
두부,3
물목,3
원본,3
푸성귀,3
크레바스,3
화섬댁,3
아흔,3
캄캄절벽,3
평등,3
교환,3
발길질,3
신기,3
용다,3
꽃순,3
클로즈업,3
쿡,3
갈이,3
시래기,3
뒷발,3
하소연,3
게이트,3
정체,3
흉보다,3
통조림,3
자운영,3
콜라,3
멸실환,3
암컷,3
외상,3
마가목,3
힘주다,3
초인종,3
국숫발,3
신발장,3
아우성치다,3
악사,3
슬다,3
마름,3
둔각,3
처제,3
숙모,3
자귀나무,3
장기,3
벽돌,3
공전,3
방패,3
뼛속,3
수의,3
북극성,3
낙원,3
꽃눈,3
스위치,3
친절하다,3
동박새,3
송선생,3
유럽,3
고인돌,3
통나무,3
점거,3
방탄,3
퀸,3
스페,3
이드,3
부인,3
솎아내,3
데이터,3
오빠,3
약초,3
티격태격,3
오카리나,3
톱니바퀴,3
모루,3
벼,2
살속,2
가을비,2
새털구름,2
편집,2
비옥하다,2
올로,2
서리다,2
괜스레,2
외롬,2
비기다,2
포도주,2
헤매인,2
육중,2
연달,2
낫다,2
갓난아이,2
바램,2
여름내,2
전과,2
존경,2
파릇하다,2
외등,2
지평,2
새로이,2
파서,2
입버릇,2
압력,2
오막살이,2
열렬하다,2
부스러지다,2
갈등,2
초상,2
부시다,2
만물,2
렴,2
산꿩,2
제철,2
건만,2
인제,2
일직선,2
감촉,2
블럭,2
동트,2
별거,2
등등,2
재회,2
삭히다,2
또르르,2
하,2
봄뜰,2
띄엄띄엄,2
장벽,2
일면,2
선술집,2
불지,2
서정시,2
멍멍하다,2
리나,2
어우러지다,2
달래,2
비만,2
자지,2
골다,2
천연,2
어두움,2
재미있다,2
도우,2
계획,2
일과표,2
험준하다,2
도피,2
화답,2
거두,2
갠,2
해만,2
반짝임,2
산보,2
부산,2
과감,2
구속,2
의무,2
하든,2
도야,2
호젓하다,2
흉하다,2
꽃내음,2
그루터기,2
양초,2
발꿈치,2
처자,2
내야,2
삼만,2
위선,2
철저하다,2
법도,2
꽃자리,2
신중하다,2
심사,2
사뭇,2
시편,2
꿰어,2
렵,2
감초,2
노송,2
물레,2
누군,2
괭이,2
자시다,2
나일,2
가련하다,2
시큰둥하다,2
알맞다,2
눈짓,2
극락,2
맞장구,2
꽃지,2
여로,2
꾼,2
꿈길,2
떼쓰다,2
일밤,2
시시하다,2
방충,2
주우,2
사포,2
맘속,2
별명,2
창조,2
솜씨,2
되새기다,2
날수,2
썩,2
손수,2
적극,2
삼은,2
밀밭,2
심술,2
매우,2
머리띠,2
억양,2
따숩,2
살피,2
흐트러지,2
냉철하다,2
참회,2
어쩜,2
헛되,2
조그맣다,2
바이올렛,2
부임,2
눈부심,2
신념,2
는걸,2
우체부,2
옥,2
학,2
키보,2
주마,2
아른거리다,2
송두리째,2
연분,2
더구나,2
벨소리,2
꾸부정하다,2
몰두하다,2
호박죽,2
섭섭하다,2
허상,2
수긍,2
한편,2
눈맞춤,2
스트렙토마이신,2
적갈색,2
임자,2
말일,2
말소리,2
노랫가락,2
포스,2
히,2
유쾌하다,2
세심,2
부단하다,2
해나,2
마지못하다,2
어슴,2
장독대,2
앞뜰,2
요란하다,2
영광,2
말씨,2
자장가,2
곡식,2
강풍,2
크림,2
부산하다,2
삶속,2
실망하다,2
편견,2
제겐,2
애처롭다,2
심,2
선녀,2
누리,2
찍어내다,2
몬다,2
후둑,2
밤바람,2
밤안개,2
저녁밥,2
헹구,2
비참하다,2
순순하다,2
금시,2
에메랄드,2
섣달,2
시늉,2
평행,2
레일,2
사노라면,2
되렵니,2
헌신,2
반의,2
밤사이,2
선사,2
물푸레나무,2
장도,2
답장,2
겉봉,2
애란,2
파지다,2
서걱대다,2
리하,2
백조,2
강바람,2
군데,2
창틈,2
아침햇살,2
걸레,2
밑그림,2
무의미하다,2
강조,2
해심,2
실연,2
무진장,2
찻잔,2
단정하다,2
우수,2
포용,2
짱짱하다,2
노다지,2
귀머거리,2
버지니아,2
울프,2
숙녀,2
처량하다,2
철렁,2
순금,2
술렁거리다,2
나야,2
유순하다,2
도중,2
손전등,2
밀감,2
외길,2
아리아리,2
왜소하다,2
풍랑,2
나래,2
초가을,2
억압,2
이르렀,2
점도,2
백화점,2
날로,2
여명,2
좇는,2
부딪,2
그까짓,2
대수롭다,2
척박하다,2
향불,2
근엄하다,2
잼,2
마리아,2
북간도,2
불투명,2
미완성,2
견,2
방부제,2
경칩,2
문지기,2
작달비,2
복무,2
자욱,2
이지러지다,2
위함,2
홍안,2
어처구니,2
외로,2
송이송이,2
무조건,2
매혹,2
어쩌랴,2
폭포수,2
뒷방,2
동양,2
진홍,2
아득해지다,2
꽃가루,2
삭이다,2
불모,2
녀,2
조로,2
원한,2
비난,2
되돌아보다,2
넣기,2
잔별,2
광채,2
날갯짓하,2
비상하다,2
의연하다,2
새벽길,2
일터,2
베풀다,2
미약,2
반사,2
숙명,2
흐느낌,2
소인,2
머나멀다,2
성큼성큼,2
삼삼오오,2
막장,2
연서,2
과도,2
일출,2
내리막,2
남자에게,2
굴비,2
귀향,2
꽃뱀,2
일어나서,2
고마리,2
빈터,2
새날,2
그득,2
주일,2
상기,2
굴욕,2
명주,2
자줏빛,2
면도날,2
뭉클,2
오리무중,2
관자놀이,2
분위기,2
가가,2
스름,2
산울림,2
콩알,2
포성,2
피난,2
구공탄,2
삼고,2
수채화,2
주먹코,2
껑충,2
하디,2
속살거리다,2
첩방,2
빙자,2
깻잎,2
지근,2
스탠드,2
고상하다,2
뒷간,2
카피,2
슴슴,2
범벅,2
달인,2
완두콩,2
쾌,2
미꾸라지,2
실크,2
절뚝절뚝,2
바싹,2
푸우,2
고물상,2
교회당,2
예수,2
돋보이다,2
듬뿍,2
토닥이다,2
평화스럽다,2
벅차오르다,2
퉁,2
질식,2
윤택,2
홀씨,2
노닐던,2
기리,2
등잔,2
주더,2
화창하다,2
조리개,2
요염,2
고고,2
사시,2
한결같다,2
신비,2
전철,2
영차,2
가냘프다,2
사모,2
가혹하다,2
혼신,2
뒷문,2
내보이다,2
토방,2
음색,2
네거리,2
과분,2
신부,2
파초,2
완행열차,2
누비,2
만사,2
나누기,2
아우르다,2
도전,2
극복,2
갑작스럽다,2
오라,2
못질,2
우정은,2
구해,2
결속,2
수려,2
어두컴컴하다,2
거립니,2
신비롭다,2
도롱이,2
불법,2
모양새,2
감수,2
평안,2
드높이다,2
인내심,2
올챙이,2
초가,2
밤별,2
누굴,2
밥알,2
난리,2
함몰,2
치욕스럽다,2
잔디밭,2
상실하다,2
번민,2
훌훌,2
해방,2
가선,2
잘생기다,2
새참,2
유채,2
까르르,2
감꽃,2
파래,2
꼬마,2
정다운,2
동작,2
쟈스민차,2
때때옷,2
동정,2
축전,2
한웅,2
세찬,2
새알,2
스르,2
본능,2
퇴색,2
책임지다,2
책임,2
무모하다,2
충만,2
유죄,2
유기,2
솔밭,2
화로,2
투욱,2
역겹다,2
탄식,2
후끈,2
관점,2
결승,2
기질,2
쾌감,2
활엽,2
추녀,2
죄값,2
모레,2
나은,2
상쾌하다,2
차표,2
로우,2
청솔,2
돛단배,2
아이야,2
쟁반,2
억제,2
진흙탕,2
은총,2
해녀,2
꿈통,2
성급하다,2
저항,2
금화,2
사르다,2
영향,2
귀절,2
다기,2
출렁대다,2
달님이,2
무진,2
어려워지다,2
매양,2
살다보면,2
씨익,2
다그치다,2
주기도,2
피로하다,2
치질,2
알리,2
법석,2
포탄,2
멧,2
닢,2
찔레꽃,2
친해지다,2
잔상,2
푸대접,2
관용,2
최대한,2
성숙,2
옛이야기,2
풀섶,2
번득이다,2
북방,2
외래어,2
유태인,2
관해,2
통금,2
전연,2
허황,2
오그라들다,2
보노,2
경유,2
수행자,2
요절,2
조문,2
영정,2
방아깨비,2
알약,2
명랑,2
위문,2
동기,2
들이켜다,2
고추가,2
추워지다,2
용산역,2
이력서,2
야근,2
시찰,2
푸석거리다,2
진부하다,2
내뿜는,2
아메바,2
건반,2
뒤집힌,2
낙하,2
케냐,2
양털,2
아스,2
모스크,2
타일,2
노천,2
종료,2
스파,2
돌밭,2
도라지꽃,2
따개비,2
격,2
운세,2
골방,2
엿,2
무뚝뚝하다,2
내공,2
생계,2
운율,2
자만,2
표지판,2
이스턴,2
정적,2
드높다,2
버클,2
랜드,2
속세,2
폼,2
풀기,2
나나,2
패랭이,2
화살표,2
콸콸,2
위협,2
죽도,2
패가,2
일월,2
순결,2
주술,2
개기일식,2
누설,2
무고,2
하혈,2
바야흐로,2
철물,2
기품,2
일단,2
발기,2
꼭지,2
시시각각,2
몰려들다,2
가랑비,2
수위,2
빚쟁이,2
화살촉,2
반대,2
도주,2
유턴,2
표적,2
백발백중,2
함유,2
여의도,2
패랭이꽃,2
신용카드,2
두통,2
블라우스,2
우뚝하다,2
저고리,2
절구,2
밭이랑,2
난감하다,2
거르,2
빈속,2
멀뚱하다,2
열한,2
에스프레소,2
아이스,2
보얗다,2
독백,2
송장,2
기사,2
타이핑,2
픽션,2
낭만,2
예배당,2
회의,2
낡아지다,2
실천,2
진해,2
세고,2
씨발,2
한술,2
전염,2
살인,2
수렴,2
부담스럽다,2
조합,2
뭘,2
건축,2
코밑,2
똬리,2
필체,2
방점,2
팔랑거리다,2
은실,2
해우소,2
노자,2
조등,2
환생,2
만상,2
원소,2
대체로,2
어딨다,2
누각,2
망막,2
매표소,2
젖먹이,2
작위,2
훠,2
밀짚모자,2
로워,2
흐느끼,2
개울물,2
맥,2
갈퀴,2
후려,2
나풀거리다,2
나꾸다,2
몽골,2
쇼,2
라운드,2
헤프,2
담담하다,2
가족사진,2
조화,2
신화,2
살림살이,2
방치,2
손녀,2
지향,2
걱정스럽다,2
꿋꿋하다,2
당근,2
몸매,2
능지처참,2
안치,2
아홉시,2
마르크스,2
유서,2
뚜렷,2
무정란,2
무서움,2
불량,2
고등학교,2
수식,2
등록,2
비아,2
곱씹다,2
다루다,2
인스타그램,2
들깨,2
열시,2
요리학,2
원곡동,2
인터넷,2
조울증,2
밭길,2
굴,2
부실하다,2
허둥지둥,2
서방,2
벌컥,2
정강이,2
찜,2
발아,2
앞장서다,2
또렷,2
범인,2
거위,2
지적,2
구나,2
체리,2
젤리,2
온순하다,2
음지,2
포스터,2
나붙다,2
월간,2
띤,2
질척하다,2
고속도로,2
싸구려,2
캡슐,2
만화,2
색맹,2
부록,2
본문,2
곗,2
독재자,2
납,2
포즈,2
갉다,2
엉거주춤,2
킁킁거리다,2
방관,2
돌리지,2
왜가리,2
베개,2
담론,2
이만,2
천방지축,2
홍,2
천지개벽,2
입동,2
근황,2
보리밥,2
뻘건,2
급식,2
세종대왕,2
쏙,2
사진사,2
부슬부슬,2
재빠르다,2
느슨하다,2
아스트로,2
싸이,2
토마,2
율,2
치가,2
개월,2
익룡,2
산들,2
갈바람,2
북풍,2
끔벅,2
임무,2
공무원,2
엄지손가락,2
나무꾼,2
색시,2
습지,2
졸리다,2
덕이,2
개펄,2
위반,2
차양,2
흙담,2
빻아진,2
프라이팬,2
귀또리,2
하순,2
처지다,2
증세,2
상흔,2
경쾌하다,2
앞바다,2
기생,2
버섯,2
군,2
샛길,2
중턱,2
길다랗,2
화끈하다,2
혼절,2
실업자,2
사택,2
풍금,2
상형문자,2
보나,2
달리기,2
욕조,2
세면대,2
손안,2
지하방,2
옥살이,2
촛농,2
푸른곰팡이,2
물놀이,2
천렵,2
양은,2
꼬리뼈,2
밀사,2
불우,2
대평원,2
우산도,2
도도하다,2
샤넬,2
코너,2
가스,2
백반,2
태백산,2
소방차,2
구비,2
강단,2
칫솔,2
먹고다,2
소꿉장난,2
다인,2
얻어먹다,2
만신창이,2
몽돌,2
발원,2
지류,2
초연,2
암벽,2
읊었,2
부근,2
손사래,2
조도,2
구도,2
미술관,2
투영,2
정선,2
근무,2
월식,2
자재,2
프로그램,2
대변,2
묵향,2
제주도,2
몹쓸,2
방목,2
서글퍼지다,2
눈사태,2
부지런하다,2
청청,2
삼색,2
산발,2
가으내,2
까칠하다,2
척척,2
꼬드겨,2
썩이다,2
궁둥이,2
비리,2
웬수,2
뻐끔뻐끔,2
푹신하다,2
붕어빵,2
살육,2
씩씩거리다,2
쓴맛,2
결론,2
얻어맞다,2
일흔,2
판다,2
종이컵,2
이천,2
출산,2
버겁다,2
시마,2
멋대로,2
사미,2
뽕나무,2
목례,2
슬레이트,2
깁다,2
평범,2
서일,2
숍,2
다큐멘터리,2
졸업,2
다락,2
최신,2
홧김,2
라이더,2
연결하다,2
펄떡이다,2
해몽,2
능동,2
피동,2
타자,2
각본,2
빙산,2
볼록렌즈,2
꿈밖,2
세공,2
수정체,2
입체,2
탁본,2
면류관,2
시비,2
자잘하다,2
주눅,2
과제,2
규모,2
논문,2
파래지다,2
확률,2
루핑,2
수제비,2
빼먹다,2
결핵,2
애달프다,2
뱃길,2
독성,2
호시탐탐,2
후유증,2
공허,2
쪽배,2
어둠인,2
교수대,2
산사,2
절집,2
불알,2
아문,2
독침,2
밭둑,2
맷돌,2
사과꽃,2
발사,2
수류탄,2
기류,2
확장,2
틱틱,2
설화,2
롱,2
열대야,2
두서,2
예약,2
피나,2
알량하다,2
외갓집,2
새침하다,2
일장,2
미안,2
식이,2
이즈음,2
모내기,2
맹물,2
만유,2
일행,2
비루하다,2
스타,2
건조하다,2
북한,2
해저,2
귀신고래,2
호가,2
오자,2
항해,2
너울,2
물떼새,2
오선지,2
메꽃,2
체액,2
촉수,2
수녀,2
커플링,2
정해진,2
되새김질,2
왕겨,2
소의,2
평안하다,2
오므리,2
옴,2
우무,2
거죽,2
갈고리,2
시력,2
이명,2
센서,2
안드로메다,2
사이보그,2
친척,2
뒤주,2
적금,2
둥이,2
쪼아대,2
자석,2
상품,2
사투,2
불화,2
불임,2
비겁하다,2
은폐,2
암매장,2
회색분자,2
독기,2
후렴,2
여자도,2
관광객,2
쪽방,2
단위,2
명의,2
빈곤,2
작약,2
할미꽃,2
냉이꽃,2
채송화,2
사루비아,2
명자꽃,2
산수유,2
분꽃,2
칸나,2
금잔화,2
튤립,2
맥문동,2
호칭,2
흥얼흥얼,2
좌뇌,2
회로,2
훼방,2
발산,2
구리다,2
동류,2
물물교환,2
쓱,2
네온사인,2
왁자지껄하다,2
새우잠,2
실밥,2
도약,2
거문고,2
가다듬다,2
오도,2
봉준,2
북향,2
잔뿌리,2
칼집,2
조선,2
기상,2
척왜척,2
헤드라이트,2
미노,2
넘어뜨리다,2
횡단하,2
베이지,2
징끼,2
무싯날,2
술래,2
딸꾹질,2
장거리,2
단내,2
지리,2
지린다,2
돌진,2
승리,2
포르르,2
퇴화,2
농업,2
발버둥,2
포함,2
저걸,2
명료하다,2
앵무,2
횃대,2
음역,2
기관,2
법원,2
낳을,2
완료,2
서비스,2
미덕,2
사생아,2
난생처음,2
조류,2
요리,2
칼질,2
죄책감,2
수행,2
출입,2
들고양이,2
머릿수건,2
북극곰,2
곤죽,2
건조,2
콧날,2
포인트,2
운전대,2
덤프,2
중학생,2
좌회전,2
스마트폰,2
평소,2
벨트,2
울긋불긋,2
집집,2
농도,2
배송,2
고객,2
양해,2
굴곡,2
통점,2
소래,2
매기,2
깡그리,2
근,2
귀염둥,2
미소하다,2
비뚤어지다,2
편향,2
환청,2
시그널,2
광택,2
가속,2
맞은편,2
외벽,2
공식,2
상주,2
흔듭니,2
지시,2
군단,2
팔짱,2
방해,2
종지,2
왕복,2
축적,2
의혹,2
무관,2
아무나,2
방송,2
주파수,2
채널,2
입맛,2
꿰뚫다,2
갸르릉,2
접속,2
보통,2
테러,2
가물,2
혐오,2
기일,2
녹차,2
묘비,2
전조등,2
주홍,2
엎치락뒤치락,2
성좌,2
주가,2
시들하다,2
그만두다,2
포만,2
쐐애,2
사마귀,2
갈치,2
청둥오리,2
혈통,2
낯빛,2
라플란드,2
구음,2
이크,2
부의,2
극지,2
힘겨루기,2
전통,2
최소한,2
꼬따,2
국왕,2
강압,2
찬송가,2
가사도,2
멜로디,2
그림문자,2
소수자,2
똘똘,2
침략,2
한해,2
극야,2
결박,2
신자,2
얼핏얼핏,2
싸매다,2
고꾸라지다,2
헛돌,2
도르다,2
생식기,2
시설,2
사회주의,2
오두막,2
병명,2
직진,2
침상,2
드래건,2
갈아엎다,2
줄기줄기,2
정착,2
영사기,2
아르바이트,2
머릴,2
점자,2
샅길,2
나절,2
탄소,2
소각,2
우연이,2
동영상,2
밀착,2
반납,2
지긋지긋하다,2
딸기,2
솎,2
렐레,2
육전,2
문풍지,2
개똥벌레,2
암소,2
결빙,2
대봉,2
배부르다,2
럼,2
쪼글쪼글하다,2
키드,2
궤양,2
밟혔다,2
무슬림,2
지랄,2
죄송하다,2
화물,2
흉중,2
뭉텅뭉텅,2
미혹,2
화관,2
금단,2
고문,2
모나,2
토성,2
천왕성,2
심상,2
장력,2
부득이,2
환생하다,2
소슬,2
도드라지다,2
증인,2
소환,2
만발,2
계약,2
코로나,2
조우,2
경고,2
대적,2
어조,2
통합,2
파괴,2
규범,2
음절,2
묘안,2
싱크홀,2
핵,2
대여섯,2
큰아버지,2
작은아버지,2
써걱써걱,2
종잇장,2
일렬,2
뻥,2
거두어들이다,2
마른하늘,2
내재,2
자투리,2
함성,2
서걱이다,2
탐색,2
허우적대다,2
치킨,2
발차,2
잣,2
타투,2
가발,2
폐업,2
안구,2
돌출,2
공단,2
말똥가리,2
떠내다,2
대립,2
흙속,2
상생,2
꽃놀이패,2
벌통,2
교배종,2
복지,2
성의,2
물색,2
바느질,2
화살나무,2
새집,2
비실,2
번짐,2
부상,2
인과,2
환영,2
앗,2
연리지,2
물르다,2
독사,2
여정,2
궁궐,2
엄숙하다,2
성곽,2
민주주의,2
세련되다,2
한글,2
서술,2
서든,2
잔인하다,2
움키다,2
작정,2
진통,2
요량,2
전방,2
수학,2
제각각,2
변경,2
땅콩,2
치릇,2
릇,2
앙증맞다,2
집게손가락,2
농성,2
회전목마,2
멀미,2
아스피린,2
장르,2
구두끈,2
돌연변이,2
타이어,2
혈,2
후추,2
유목,2
경로,2
천문,2
엄연하다,2
새카맣,2
뒤죽박죽,2
각각,2
횟집,2
회칼,2
에어컨,2
거세,2
조사,2
사제,2
옛적,2
조율,2
비극,2
토르,2
유머,2
사원,2
신식,2
부엉이,2
소명,2
씨방,2
치통,2
반기,2
식성,2
섬나라,2
귀항,2
파티,2
오징어,2
명암,2
혈액,2
꽤,2
음습,2
탑승,2
몽상,2
출력,2
패턴,2
번갈아,2
수학자,2
양서류,2
수도원,2
마룻,2
칼맛,2
살맛,2
길마,2
그램,2
소반,2
도화지,2
충,2
명함,2
외눈박이,2
시라,2
나라고,2
수성,2
앞두다,2
대담하다,2
회관,2
튀밥,2
외진,2
여인숙,2
잡기,2
외뿔,2
쇄골,2
타종,2
숨통,2
철수,2
웨딩드레스,2
이물,2
밀폐,2
양복,2
치열하다,2
장단,2
생로병사,2
삼라만상,2
백팔,2
불거지다,2
기적처럼,2
손질,2
부패,2
감상,2
인조,2
편백나무,2
다림질,2
비뚤다,2
솔기,2
무궁무진,2
곤궁,2
천상,2
잡아먹다,2
의견,2
톱,2
질린다,2
자각,2
보화,2
볼록하다,2
진주,2
고성,2
조각배,2
견인,2
뼛가루,2
민낯,2
무의식,2
사위다,2
꺼풀,2
독방,2
축문,2
숨죽,2
만찬,2
묘연하다,2
카멜레온,2
인재,2
용케,2
늙음,2
애무,2
퍼뜨리,2
증기,2
굶주리다,2
더듬이,2
직면,2
유도,2
광대,2
천공,2
사위,2
탱자나무,2
탁구공,2
스매싱,2
네트,2
겨루다,2
드라이브,2
긁혔다,2
별개,2
심리,2
각성,2
추측,2
훤하,2
국부,2
난쟁이,2
세밀,2
사주,2
하늘거리다,2
넘실대다,2
함지박,2
앞섶,2
진저리,2
딸내미,2
수급,2
공짜,2
협박,2
공갈,2
빡,2
고마,2
뻘,2
점심때,2
바이칼,2
만년,2
봉합,2
중환자실,2
먹거리,2
딴딴하다,2
주물,2
아줌마,2
목메,2
보온병,2
반추,2
기왕,2
쓱쓱,2
분하다,2
화엄,2
역류,2
부석사,2
수배,2
호기,2
실습,2
모기,2
하루나,2
서린,2
독서,2
낭독,2
망초,2
느릅나무,2
속독,2
합주,2
야생화,2
몸피,2
흥청,2
창살,2
유난,2
유별,2
진가,2
주유소,2
귀고리,2
능,2
신록,2
조석,2
일일이,2
둔덕,2
쭈글쭈글하다,2
매몰,2
농부가,2
계보,2
경주,2
후두두,2
굴참나무,2
칩거,2
자랑스럽다,2
가죽,2
단식,2
목동,2
철거민,2
참사,2
로터리,2
허깨비,2
내전,2
자처,2
노고,2
고래고래,2
자의식,2
맥락,2
반말,2
추렴,2
연락,2
고분,2
삼척,2
무한리필,2
무람,2
옹송,2
로라,2
소멸하다,2
로켓,2
권력자,2
실록,2
만취,2
전화번호,2
발표,2
가파르,2
기색,2
모형,2
사목,2
불가,2
역적,2
평면,2
예측,2
철근,2
취,2
여서,2
골수,2
빙판,2
자청,2
블루,2
화목,2
비밀번호,2
허문,2
낟가리,2
외지,2
보배롭다,2
깔깔,2
개나리꽃,2
슈퍼마켓,2
고의,2
묽다,2
각혈,2
입양,2
정장,2
가늘어지다,2
더워지다,2
진창,2
구토,2
뭉클하다,2
방앗간,2
호락호락하다,2
상아,2
배출,2
윙윙,2
전동차,2
폰,2
안락,2
셀카,2
알록달록하다,2
식기,2
즉,2
포크,2
활용,2
종양,2
지저분하다,2
차단,2
날씬하다,2
보물,2
레이스,2
정해지다,2
점프,2
불상,2
흉기,2
휙,2
유예,2
송홧,2
기합,2
직후,2
헬멧,2
경의,2
만삭,2
말수,2
외설,2
문예지,2
엄살,2
후배,2
시렁,2
얼얼하다,2
휘저,2
잡아가다,2
싹둑,2
들러붙어,2
감염,2
포란,2
활동,2
고승,2
유해,2
설다,2
압축,2
취미,2
은혜,2
우거지,2
미뢰,2
신산하다,2
펄,2
갯바람,2
솔깃하다,2
스킨,2
연주자,2
쟁,2
태초,2
광속,2
옴짝,2
순서대로,2
큼지막하다,2
뒤꼍,2
바코드,2
라르게토,2
최대,2
기자,2
인파,2
장남,2
가로막다,2
경찰차,2
어의,2
막둥이,2
민첩하다,2
낭랑하다,2
구락숀,2
넷이,2
장만,2
기기,2
어머,2
뽐내다,2
둘러앉다,2
묘,2
혁명,2
언덕길,2
삭정이,2
경사,2
직하다,2
가르릉,2
착란,2
쫙,2
재운,2
서투르다,2
윤리,2
조리,2
전복,2
날름,2
앞치마,2
전전,2
부들부들,2
명백하다,2
후일담,2
노련하다,2
풍부하다,2
전라도,2
크리스마스,2
수락,2
냄비,2
제국,2
초상화,2
음흉하다,2
남성,2
퍼뜨,2
덤비다,2
배후,2
범종,2
서까래,2
때기,2
지급,2
시론,2
헛발질,2
곧잘,2
흘끔,2
비너스,2
기저귀,2
황야,2
세트,2
퍼다,2
은전,2
실성하다,2
방도,2
늙은이,2
꼭짓점,2
묵시,2
극한,2
심드렁하다,2
무치다,2
염전,2
콩나물국,2
물맛,2
롤러,2
해지니,2
동학,2
휘황,2
종착,2
주무르다,2
집회,2
나비넥타이,2
교묘하다,2
주병,2
유물,2
시어,2
앙다물다,2
달뜨다,2
벙긋,2
악담,2
구릿빛,2
확,2
감로,2
미지수,2
멈칫,2
신랑,2
진공,2
흡입,2
태산,2
운무,2
꼬리지느러미,2
사유,2
연유,2
절묘하다,2
태운,2
이슬비,2
종로,2
동대문,2
보은,2
창녀,2
내의,2
평등하다,2
왈츠,2
귀엣말,2
건배,2
음모,2
염탐,2
가산,2
허겁지겁,2
무정,2
전달,2
더러,2
블라인드,2
뿜는다,2
화끈,2
당분간,2
후련하다,2
압정,2
극적,2
명왕성,2
태양계,2
대세,2
금성,2
목성,2
결핍,2
대행,2
난청,2
끌어내리다,2
안테나,2
구수하다,2
로밤,2
젓,2
녯적,2
뒤틀다,2
콜,2
초보,2
지리다,2
성냥,2
서고,2
두리,2
과장,2
다소,2
힌,2
해마,2
육박,2
익명,2
나신,2
나빠지다,2
돼지감자,2
멍청하다,2
잔소리,2
숯불,2
실룩거리다,2
귓구멍,2
일체,2
동트기,2
약물,2
싱크대,2
거즈,2
잭,2
건달,2
군인,2
철조망,2
래미,2
벽장,2
발굽,2
지축,2
무리다,2
빵집,2
연구소,2
후줄근하다,2
더럽히다,2
어룽지다,2
신세,2
쌍무지개,2
헤헤,2
파피루스,2
사타구니,2
정자,2
진행,2
변종,2
여행지,2
기타,2
치타,2
시차,2
세모,2
종자,2
미용사,2
잠아,2
퀴즈,2
오이꽃,2
차가워지다,2
탓하랴,2
윈도우,2
노선,2
살코기,2
육질,2
반창고,2
서울역,2
쓸개,2
박음질,2
지각,2
병자,2
정차,2
일본,2
강철,2
숫잠,2
함석,2
락스,2
수세미,2
수증기,2
뱅글,2
탈수,2
멘토스,2
위패,2
적멸,2
둘둘,2
토악질,2
철거,2
콧대,2
전속력,2
망원경,2
현미경,2
우편함,2
평온하다,2
기념일,2
스테인드글라스,2
코르크,2
마개,2
이동,2
플러그,2
대한민국,2
해후,2
주의보,2
한국어,2
습작,2
출출하다,2
흐흐,2
금동불,2
섬돌,2
댕그,2
적송,2
산비둘기,2
우듬,2
하산,2
자승,2
여분,2
고온,2
구들장,2
절단,2
산녘,2
풍장,2
프레,2
셋방,2
미싱,2
훌빈,2
말랬,2
친목,2
해동성국,2
깡통,2
탈피,2
석회,2
체중,2
뜨개질,2
집단,2
우기다,2
모욕,2
녹는점,2
튕긴다,2
용수철,2
낚,2
굉음,2
최면,2
떠돌아다니다,2
묵정밭,2
구상,2
치수,2
호선,2
자마자,2
뭉개,2
공구,2
앵무새,2
화폭,2
매장,2
땡,2
뒷전,2
역할,2
지킴,2
피라미,2
인력,2
계급,2
양평,2
선지,2
짊,2
안락하다,2
토론,2
프랑스,2
출생지,2
푸릇,2
시들시들하다,2
박제,2
스케치북,2
그리니치,2
기름기,2
훈제,2
보송보송하다,2
서사,2
새색시,2
부두,2
문상,2
꼬박,2
쪽창,2
체불,2
꿰,2
도형,2
셀프,2
폭죽,2
샷,2
스윙,2
친친,2
시치미,2
삐뚤빼뚤,2
몽당연필,2
비판,2
눈코,2
볼트,2
대보다,2
전류,2
몸뚱어리,2
아둔하다,2
쓴웃음,2
파종,2
콩밭,2
신혼,2
악의,2
핏속,2
차분하다,2
간지럼,2
자음,2
법칙,2
서체,2
장인,2
자개,2
현수막,2
송,2
살그머니,2
고루,2
두발,2
후다닥,2
초롱초롱,2
꽃잠,2
점화,2
읊,2
정점,2
삭발,2
무단,2
대들보,2
벋다,2
미닫이,2
텐트,2
냉랭하다,2
박차다,2
브룩클린,2
비상구,2
모니터,2
자칫,2
잔혹하다,2
피곤,2
미열,2
천문대,2
흡수,2
환각,2
설주,2
칼라,2
성화,2
수캐,2
사구,2
맺힌다,2
실크로드,2
잽싸다,2
지푸라기,2
뿔논병아리,2
속표지,2
소박,2
헐떡거리다,2
체제,2
편입,2
게르,2
울긋불긋하다,2
모방,2
정거,2
상록,2
여전,2
쌍칼,2
곡주,2
스다께씨,2
쌍날,2
승부,2
무딘,2
어눌하다,2
편협,2
무책임하다,2
이데아,2
실재,2
아일랜드,2
비포장도로,2
부적,2
호출,2
일반,2
고어,2
노인도,2
공소,2
시효,2
화톳불,2
자극,2
한장,2
비상등,2
봄눈,2
정해,2
절름거리,2
행군,2
낡음,2
이상순,2
침목,2
차서,2
미륵,2
정토,2
선운산,2
도솔암,2
유라시아,2
유칼립투스,2
누룽지,2
문간,2
부라리다,2
과자,2
오분,2
도심,2
매월당,2
물광,2
풍천,2
등지느러미,2
산란,2
민물,2
경지,2
갯빛,2
압록,2
전용,2
생산,2
고속,2
연어,2
밑창,2
빈약하다,2
군더더기,2
할미,2
릉,2
튕기,2
마대자루,2
펑크,2
땋,2
차올리다,2
개살구나무,2
개살구,2
짜개다,2
퉤,2
팽팽히,2
몸빼,2
월남,2
뒤발,2
전반,2
산야,2
감자탕,2
싹수,2
퇴적,2
허둥대다,2
살아생전,2
습자,2
재혼,2
환부,2
잡것,2
잎잎이,2
건더기,2
천원역,2
지그재그,2
선로,2
오그리다,2
구조,2
용암,2
포물선,2
흐트러,2
나인,2
스물넷,2
메뉴판,2
쥬스,2
오류,2
쌍둥이자리,2
걸음걸이,2
렌,2
이왕지사,2
외손,2
무신,2
주양,2
예닐곱,2
유사,2
고함,2
대야,2
최,2
산산조각,2
물총,2
흥정,2
암탉,2
시금치,2
철벅,2
점멸,2
무르팍,2
콱,2
앞세우다,2
닿소리,2
현금인출기,2
황달,2
혈맥,2
바투,2
철책,2
학기,2
명령,2
홍두깨,2
반상,2
냉,2
생으로,2
동강,2
낭자,2
서역,2
소주잔,2
홀짝,2
쓰윽,2
근성,2
카라멜,2
궁금증,2
팅,2
텍,2
귀환,2
누렁이,2
가사,2
퀙,2
천둥소리,2
왕조,2
부전나비,2
번데기,2
키친,2
크로스,2
고사,2
스파이,2
컹,2
숙부,2
파열음,2
앓이,2
정미소,2
도고,2
고역,2
찔레나무,2
가녀리다,2
타르,2
노리,2
사뿐,2
역삼동,2
파전,2
계집아이,2
간식,2
정자나무,2
낙성,2
허리춤,2
약수터,2
표주박,2
변주곡,2
가동,2
집어치우다,2
나눠지다,2
떡잎,2
팔각,2
수로,2
전장,2
사차원,2
부드러움,2
펜던트,2
운항,2
세이,2
다양성,2
안착,2
포자,2
술갑,2
거뜬하다,2
학습,2
오남매,2
공연,2
정각,2
유곽,2
수족관,2
줄넘기,2
찬장,2
조공,2
천상열차분야지도,2
고추장,2
순전하다,2
천금,2
이력,2
국도,2
오동나무,2
가얏고,2
쭈빗,2
죽순,2
전화선,2
넓적다리,2
절터,2
왕나비,2
난도질,2
쌍쌍바,2
낚시꾼,2
쿠키,2
여행객,2
감시,2
에이스,2
해골,2
집게발,2
장바구니,2
어지럼증,2
교체,2
나프탈렌,2
마찬가지,2
쭈그렁,2
처방전,2
이사야,2
산부인과,2
튀기다,2
우시,2
얻지,2
원투,2
원피스,2
부정맥,2
포유류,2
노지,2
태격,2
웰빙,2
뽀드득,2
닻줄,2
사업,2
선짓국,2
순응,2
차돌,2
번화가,2
다리미,2
훌,2
자명하다,2
하고많다,2
언약,2
분양,2
숙성,2
포플러,2
나무껍질,2
고동색,2
도다리,2
고추냉이,2
종가,2
뱅뱅,2
폐역,2
반역,2
빗살,2
숯검정,2
컴퍼스,2
사계,2
배터리,2
모터,2
우두머리,2
적십자,2
스타킹,2
월광,2
부글대다,2
후진,2
쿵쾅거리다,2
볏단,1
수선스럽다,1
엉금엉금,1
낙일,1
헹궈낼,1
동행인,1
거닒,1
원함,1
뚜,1
택하,1
핀잔,1
이세,1
온누리,1
해시계,1
남국,1
풍상,1
바스라지다,1
향료,1
방범,1
대원,1
호각,1
메밀묵,1
사려,1
귑,1
풋사랑,1
두절,1
난파,1
도회지,1
잔물,1
해적,1
절통,1
부신,1
지우,1
역광,1
백설,1
봇짐,1
흉내내,1
죄인,1
까발리다,1
더렵혀진,1
수준,1
숫제,1
미화,1
편린,1
짓눌리다,1
셀때,1
리세,1
부질,1
찬사,1
열등함,1
필요성,1
뇨,1
점꽃,1
풀피리,1
세대,1
습니,1
서둘다,1
미묘하다,1
진지하다,1
수묵화,1
목끝,1
여러가지,1
재스민,1
테이프,1
케,1
쉬임,1
훈훈하다,1
또르,1
하루아침,1
어쭙잖다,1
이요,1
과대,1
평가,1
존재도,1
넋두리,1
여든,1
교리,1
부실,1
이기만,1
중생대,1
사리풀,1
고자,1
허울,1
빈말,1
돌맹,1
어젠,1
강폭,1
흙탕물,1
꽃장식,1
엔,1
꽃임,1
북녘,1
드넓다,1
삼백육십오일,1
이노,1
활기차다,1
작렬,1
명분,1
부축,1
반려자,1
절친,1
타고나다,1
올바르다,1
산들바람,1
패배하다,1
장밋빛,1
발자취,1
눈덩이,1
그윽히,1
쪽빛,1
프리지어,1
푸르렀던,1
별가,1
홍역,1
그리웁,1
옅다,1
번이랴,1
꽃필,1
너뿐이야,1
믿어지다,1
구명,1
사양,1
찬성,1
중도,1
됫박,1
엊그제,1
연화,1
부벼,1
짜릿하다,1
내년,1
피오,1
월강,1
나이까,1
이온,1
새벽별,1
일출봉,1
봉덕사,1
미세하다,1
이무기,1
루,1
더군다나,1
파랑새,1
글씨체,1
아롱지다,1
미남,1
그리스,1
학명,1
문조,1
이외,1
악한,1
단계,1
확고하다,1
다져지다,1
허무맹랑,1
결단,1
맺힙니,1
드맑,1
시냇가,1
밑둥,1
입천장,1
낙심,1
고집불통,1
절명,1
핵폭발,1
겨울나기,1
호탕,1
말벗,1
직,1
인색하다,1
족하,1
지훈,1
강나루,1
남도,1
한자,1
제인,1
꽃답,1
샘터,1
밀크,1
블랙,1
밤색,1
머리핀,1
표준어,1
볏짚,1
옷섶,1
급속도,1
짖궂다,1
과민반응,1
구태여,1
살빛,1
휠,1
일부분,1
촌음,1
할딱거리다,1
로빈,1
은방울꽃,1
나이팅게일,1
목장,1
연일,1
비처럼,1
우러나온,1
헛간,1
신전,1
보탠,1
나대다,1
왜인,1
뱃전,1
이오리,1
어거지,1
싱긋,1
축원,1
이적,1
애리,1
직설,1
치도,1
따사롭던,1
촌스럽다,1
감명,1
아릉답구,1
엮으,1
애련,1
천생,1
원목,1
손시,1
광망,1
무에랴,1
섧,1
눈깨비,1
경루,1
황폐,1
해드리다,1
실제,1
샛노랑,1
소금물,1
빔,1
바라뵈다,1
수숫대,1
봄내음,1
서슴다,1
눈굽,1
솔밥,1
어둑어둑하다,1
축대,1
에탐부톨,1
교대,1
경력,1
산빛,1
첫키스,1
지침,1
뒷걸음,1
원천,1
깨치다,1
휩싸다,1
무도,1
고이도,1
가보리,1
나가야,1
성관계,1
씁쓰레하다,1
삿,1
바둥거린,1
느긋하다,1
짜이다,1
불러일으키다,1
주룩주룩,1
모카,1
커피잔,1
벗꽃,1
도속,1
깊이깊이,1
참뜻,1
칭송,1
둘리,1
그슬린,1
등피,1
여니,1
우러르,1
악시,1
보드레하다,1
놨더,1
이음,1
바퀴살,1
솔숲,1
어려움,1
종탑,1
치렵니,1
가렵니,1
로미오,1
줄리엣,1
진행형,1
모빌,1
흉칙한지,1
스리,1
철석,1
강박,1
멸시,1
짝꿍,1
성운,1
산수,1
음치,1
국어,1
풍화작용,1
지조,1
낚는,1
어지르다,1
솔솔,1
빨간색,1
음보,1
포장마차,1
횡설수설,1
마음씨,1
켱기,1
여러분,1
열심,1
서운케,1
거저,1
가벼웁,1
초목,1
애증,1
여류,1
페시미즘,1
거늘,1
편안,1
도취,1
연보,1
통행,1
샴푸,1
물굽이,1
상일,1
대천,1
말솜씨,1
용평,1
부챗살,1
곤돌라,1
전망대,1
글귀,1
좨송해,1
구례구역,1
눕혔습니,1
오소,1
흐트러뜨릴,1
됨됨이,1
단골,1
애수,1
총명하다,1
굳히다,1
과업,1
않더뇨,1
혼내다,1
배경인,1
가을로,1
헤일,1
프랑,1
시스,1
라이너,1
릴케,1
딴은,1
게외,1
꾸욱,1
가차,1
배추꽃,1
삼동,1
즐거웁,1
무동,1
진통제,1
뿔사,1
가빠,1
무명실,1
나단조,1
때절,1
간사,1
멉니,1
물밀,1
사락눈,1
실비,1
실낱,1
허덕이다,1
앳된,1
눈속,1
김미선,1
고저,1
무심,1
찬별,1
어둠상자,1
변모,1
바이트,1
단잠,1
중문,1
병풍,1
하직,1
황막,1
공격,1
변호,1
눌린,1
저림,1
꾸지람,1
말대꾸,1
자상하다,1
따돌림,1
인내롭,1
강요,1
여건,1
조성,1
버,1
이루,1
뒤범벅,1
샛별,1
애원,1
예지,1
몫임,1
밤차,1
보탬,1
철마,1
화염,1
혹법,1
골병,1
지자,1
오열,1
동치,1
핑게,1
살렵니,1
도라도,1
눈흘김,1
등꽃,1
쿨럭이다,1
청색,1
두릅,1
설음,1
도라지,1
흐득흐득,1
여드름,1
괸다,1
꽃말,1
정감,1
모피,1
부싯돌,1
실마리,1
첩첩산중,1
쥐똥,1
감미롭다,1
선천성,1
널찍하다,1
역경,1
그대만,1
태양도,1
쭈욱,1
발그스레,1
마직막,1
꽝,1
알짝,1
승화,1
예습,1
복습,1
싸움터,1
호소,1
삼베,1
학비,1
침전,1
씌어,1
읍,1
나직하다,1
숫물,1
곱다랗,1
개입,1
극히,1
흐느껴,1
핑핑,1
추석,1
위탁,1
가리개,1
일임,1
수표,1
손때,1
꼬깃,1
청소부,1
남방,1
뻑,1
립,1
면벽,1
밑구녁,1
비평가,1
작부,1
쩔렁,1
바나,1
익살,1
쥐덫,1
할아범,1
뽀골뽀골,1
특,1
덤핑,1
지게꾼,1
올림픽,1
복권,1
그리스도,1
토라,1
짜증,1
야속하다,1
비굴하다,1
말장난,1
프로이드,1
정신분석학,1
지성,1
편안함,1
돌틀,1
재고,1
거니,1
답안,1
햇봄,1
휑,1
아침식사,1
읊어주,1
작두질,1
잘려지다,1
바스라,1
알록달록,1
청초하다,1
투정,1
써주다,1
초록색,1
삐지다,1
기력,1
충치,1
마취약,1
인생살이,1
투기,1
감미,1
친밀하다,1
산당화,1
딴말,1
개똥지빠귀,1
금모래,1
갈잎,1
외불,1
귀이개,1
갈그락갈그락,1
빠져듭니,1
하늘나라,1
온대,1
엉엉,1
고뿔,1
고깔,1
외다,1
포름,1
사립,1
바리때,1
도련님,1
소승,1
적선,1
보셔얍지,1
흐들히,1
머룻잎,1
오곡,1
행사,1
행동거지,1
제어,1
증표,1
약조,1
산아,1
토산품,1
적나라하다,1
목포,1
삭정,1
돌팍,1
머루,1
급행열차,1
역무,1
애틋,1
홈질,1
글밭,1
책방,1
무명시,1
휭하,1
흐뭇하다,1
내킬,1
총탄,1
최상,1
활기,1
성취,1
재난,1
의논,1
명예롭,1
명성,1
재능,1
학식,1
기탄,1
용감하다,1
분담,1
황무지,1
토양,1
메이,1
유장,1
려면,1
혼미하다,1
러시아,1
문호,1
황인,1
부족함,1
과장하다,1
영특,1
유익,1
손해,1
잔꾀,1
중재,1
낙오,1
래지,1
교향곡,1
두뇌,1
바퀴벌레,1
불교,1
보복,1
박수근,1
졸래졸래,1
농삿집,1
올망졸망,1
오이랑,1
붕엉이,1
놋양푼,1
을,1
삽살개,1
여왕,1
원도,1
갈무리,1
동넨,1
화재,1
속뜻,1
모를레,1
당초,1
하늘가,1
버선,1
노여움,1
리까,1
꽃진,1
가짐,1
잔영,1
잠재,1
방랑자,1
어물,1
불가사의,1
헛되지,1
생머리,1
분홍색,1
뭉실뭉실,1
유토피아,1
안마당,1
괴어놓,1
괜시리,1
유익하다,1
차려입다,1
여태껏,1
책임자,1
호통,1
쟈스민,1
소몰이,1
본체,1
쓰개치마,1
일격,1
별보,1
쟁쟁,1
제비집,1
다수결,1
깍이다,1
잔재미,1
윤선,1
깔끔하다,1
물잔,1
영변,1
약산,1
진달래꽃,1
겨움,1
자유도,1
단정,1
누르기,1
사도,1
맛보기,1
다스,1
목도리,1
승낙,1
석탑,1
눅,1
은회색,1
재발,1
웅성대다,1
입학,1
첫출근,1
발끈,1
세례,1
성사,1
나리,1
칠월,1
청포도,1
청포,1
함뿍,1
두번째,1
남모르다,1
음질,1
바흐,1
얽매다,1
창의력,1
주력,1
하련다,1
무우,1
애물,1
찡하다,1
조청,1
확대,1
헤겔,1
칸트,1
무용,1
이듬해,1
궁글궁글,1
읍니,1
말쑥하다,1
보리수나무,1
광맥,1
금산,1
서재,1
청결하다,1
엮어가,1
평행선,1
애움,1
동풍,1
일어나고,1
법문,1
므나,1
고깃배,1
십일월,1
종점,1
가문비나무,1
야물다,1
너마저,1
찌르륵,1
축소,1
우중충하다,1
조동진,1
미숙,1
들이키다,1
뒤뚱거리,1
색채,1
자비롭다,1
난생,1
몸둘,1
들,1
없드,1
내사,1
잊아뿌,1
공책,1
너울대다,1
저뭅니,1
테로,1
빠알간,1
아롱거리다,1
추구,1
애석하다,1
단념하다,1
행길,1
망울,1
연연하다,1
양귀비꽃,1
애매모호하다,1
노랑나비,1
조건,1
추스려,1
빼기,1
해설,1
질화로,1
뷔,1
짚벼,1
함추름,1
이삭,1
우지,1
깨우치다,1
전부일,1
엄격하다,1
벤야민,1
데카르트,1
해제,1
정상,1
걸때,1
자나깨나,1
거더,1
누누이,1
동봉,1
삼각형,1
괄시,1
분풀이,1
베르테르,1
클로버,1
터번,1
수피,1
승냥이,1
팥알,1
빈궁하다,1
유적지,1
답사,1
탐사,1
휘돌,1
선발,1
장사치,1
홍등가,1
창부,1
거간,1
명치끝,1
배열,1
엎치,1
낑기다,1
군복,1
마분지,1
아리랑,1
쥐약,1
병장,1
국군,1
절뚝거렸다,1
쫄쫄,1
위경련,1
화전,1
겔,1
늦콩,1
결행,1
들머리,1
관광버스,1
트림,1
차차차,1
직직거렸다,1
군청,1
게시판,1
지도자,1
진종일,1
비틀거렸다,1
밀링머신,1
배호,1
조간신문,1
석유,1
포마드,1
오줌보,1
조국,1
연장,1
헤이,1
산업,1
역군,1
옮아왔,1
찌르레기,1
쌔근거리다,1
장수하늘소,1
원생동물,1
대해로,1
실으,1
으스스,1
들쭉날쭉,1
날짐승,1
창천,1
캐릭터,1
줄무늬,1
아메리칸,1
컬,1
감행,1
청동기,1
발싸개,1
이맘,1
삼나무,1
대추야자,1
시인처럼,1
호리,1
박하,1
차도르,1
페르시아,1
짝짝이,1
지극,1
대운,1
복되다,1
확성기,1
쫑긋,1
희롱,1
아리아,1
선상,1
바스키,1
뒤엎어놓,1
알바,1
동양인,1
영어,1
땡큐,1
자폐,1
낭낭,1
으름,1
직하,1
마렵다,1
오물,1
구렁,1
대치,1
북채,1
땟국,1
폐쇄되어,1
찌직거리다,1
장송곡,1
으슬거리,1
식은땀,1
벤츄레이터,1
돈키호테,1
구호,1
공학,1
바겐세일된,1
특권,1
징조,1
말똥구리,1
사육제,1
적기,1
처녀성,1
알현,1
이단,1
몰약,1
코뿔소,1
마법사,1
차기,1
천기,1
태양력,1
성역,1
성전,1
신년,1
모해,1
난데없다,1
좆,1
오랬더,1
핫도그,1
본전,1
껄떡,1
촌년,1
독종,1
남정,1
람다,1
루이제,1
정씨,1
낚시바늘,1
철분,1
곡절,1
상제,1
남짓,1
쉬파리,1
다짜고짜로,1
월말,1
샐러리맨,1
땅위,1
싹싹,1
방뇨,1
범칙,1
금도,1
헌금,1
고스톱,1
광값,1
비음,1
짜임새,1
산정,1
국새,1
강심,1
떼빛,1
팍팍하다,1
치키다,1
달챙,1
행주치마,1
와락,1
보현산,1
밭머리,1
수수꽃다리,1
파르티잔,1
고하,1
세피아,1
홍차,1
네시,1
계약서,1
좌르륵,1
명란,1
우렁하다,1
아메리카노,1
기차역,1
첫머리,1
전직,1
문병,1
정원수,1
신문사,1
망아지,1
경마장,1
드레스,1
모델,1
예술가,1
세밀화,1
독보,1
먹여주다,1
쉿,1
청옥,1
어둑,1
숙맥,1
흥나,1
내심,1
넘겨짚다,1
미치광이,1
꼭두각시,1
정반대,1
이방인,1
이삿짐,1
언쟁,1
창구,1
인슐린,1
앰뷸런스,1
장화,1
열세,1
다린,1
무위자연,1
잎자루,1
통행금지,1
살박,1
재연,1
구명정,1
채곡채곡,1
금사,1
어엿하다,1
한량없다,1
쪼을,1
막새,1
금실,1
한수,1
금족,1
령,1
애석,1
쇠붙이,1
금침,1
빗장뼈,1
실시간,1
검색어,1
순위,1
개콘,1
안압,1
대궁,1
수런대다,1
폐쇄회,1
랴,1
반반하다,1
오락가락,1
치근대다,1
솜사탕,1
비꽃,1
김기택,1
곧장,1
세면,1
부력,1
엽맥,1
바삭,1
윈도,1
산호초,1
어군,1
스쿠버다이버,1
장비,1
풍파,1
홈,1
심리전,1
병렬,1
향기도,1
런닝구,1
싼값,1
수술대,1
대기실,1
부락,1
토지,1
별반,1
어기,1
앙증,1
스산,1
스산함쯤,1
아랑곳,1
유안진,1
찬미,1
북국,1
석탄,1
알려지다,1
십칠,1
조림,1
개수대,1
욕실,1
고무장갑,1
유한락스,1
설득,1
승전,1
들이마시다,1
황인종,1
헌책방,1
완충지대,1
추모,1
교과서,1
나녀,1
관계도,1
식품,1
모나미,1
가식,1
독립,1
미술,1
뺨따귀,1
윙,1
윙거,1
자긍심,1
카프카,1
레고르,1
흉측하다,1
충격,1
동질감,1
도스토옙스키,1
팥,1
절굿,1
붐,1
답글,1
센스,1
비타민,1
딱새,1
만만해,1
목요일,1
코트,1
반품,1
구울,1
횃불,1
주먹다짐,1
자씨,1
유색,1
미니스커트,1
초심,1
껑더리된,1
삼원색,1
정념,1
필생,1
친김,1
음산,1
달도,1
싸릿대삽짝,1
요령,1
옥색,1
덮어놓고,1
총성,1
지대,1
던지기,1
소홀하다,1
화암,1
늪지,1
언뜻,1
시릉시릉,1
부처꽃,1
인질,1
그었다,1
동의,1
지짐,1
칼국수,1
광량,1
별수,1
평균,1
바람벽,1
선거,1
육개,1
빨대,1
성인,1
쩌억,1
견지,1
투입,1
알코올,1
램프,1
비커,1
샬레,1
비눗방울,1
궂은비,1
프시케,1
도려,1
모녀,1
흰밥,1
트로피,1
하녀,1
종이비행기,1
에이프런,1
뒤집힙,1
이동해,1
골프,1
감금,1
서지,1
물오리,1
비목나무,1
목마르다,1
지리멸렬하다,1
맷집,1
목포시,1
동란,1
층집,1
지심,1
장승포,1
친숙하다,1
푸르렀,1
분홍신,1
도청,1
전역,1
산뜻하다,1
추풍낙엽,1
애로,1
뒤뚱,1
강적,1
삼지,1
땅거미,1
크레파스,1
상금,1
이승복,1
목구녕,1
껄껄,1
마빡,1
뻘겋,1
이장,1
강영희,1
건빵,1
푸스슥,1
사먹다,1
전학,1
국희,1
야,1
똥구녕,1
찌글텅쭈글텅,1
불국사,1
쪼아낸,1
생글생글,1
송진,1
물씬,1
너무하다,1
비트,1
악성,1
케이스,1
티켓,1
안전벨트,1
기내식,1
스튜어디스,1
존엄사,1
중립국,1
이륙,1
덜커덕,1
흙비,1
폭동,1
각색,1
연방,1
용궁,1
주부,1
남생이,1
별러,1
소동파,1
바둑돌,1
만물상,1
김홍도,1
장수도,1
도인,1
홀렸습지,1
동자,1
자빠지다,1
낮밤,1
호텔,1
광경,1
울분,1
소외,1
타박,1
물욕,1
비우기,1
씽씽하다,1
정화조,1
단속,1
캐시,1
밀론,1
어찌하여,1
안위,1
았,1
잦아드,1
형용사,1
독버섯,1
다감하다,1
키질,1
탈곡,1
가감,1
승제,1
동맥경화,1
개숫물,1
경남,1
밀양시,1
퇴로,1
역린,1
속수무책,1
추궁,1
아물거리다,1
입때껏,1
소달구지,1
서귀포,1
꽃상여,1
물웅덩이,1
장통,1
채근하,1
살랑대다,1
백오십,1
볼라벤,1
꺾임,1
부옇다,1
서러웁,1
펑퍼짐하다,1
선홍빛,1
펀하다,1
간드러지다,1
큰물,1
퇴,1
두루마기,1
표백,1
대구,1
철창,1
쪼이다,1
레나,1
혼쭐나기,1
어쩌려,1
환호,1
잠버릇,1
체면,1
뒷말,1
이심전심,1
웅긋중긋,1
곁가지,1
비누거품,1
곁순,1
육손,1
결리다,1
우비,1
솎음,1
빈칸,1
늡늡,1
안온함,1
단감,1
대도,1
삐쭉삐쭉,1
잘나다,1
팔방,1
위계,1
빼꼼,1
습격,1
암수,1
쇄락,1
통보,1
연혁,1
미망,1
영지,1
파란만장,1
오오,1
뱃동,1
비온,1
딱정벌레,1
떼밀다,1
귀결,1
지인,1
생도,1
한적하다,1
책가방,1
팽개,1
까다롭다,1
가브리엘,1
페,1
가모,1
료리,1
뒤집어지다,1
쐐,1
명수,1
간장게장,1
선암사,1
쪼다,1
연탄재,1
태백선,1
추전역,1
갱목,1
싸이렌,1
대피,1
라인,1
상봉동,1
속초,1
복중,1
무용가,1
백묵,1
온라인,1
화장지,1
길트기였음,1
고갯길,1
푸쉬킨,1
스마,1
치고받다,1
떠받다,1
나루,1
선박,1
노숙자,1
암벽타기,1
쌍쌍,1
노획,1
다스려지다,1
어장,1
너절하다,1
수선,1
오일장,1
자하,1
칭얼대다,1
새우깡,1
용동,1
럭,1
오우,1
고산,1
남실대다,1
엉치뼈,1
송림,1
본관,1
이집트,1
천재,1
녹채,1
전시,1
스프,1
호퍼,1
자동,1
폐쇄된,1
별관,1
권태,1
선평역,1
증산,1
절리,1
여직원,1
합계,1
잔액,1
시산표,1
누락,1
전산,1
입력,1
계정,1
분개,1
차변,1
금액,1
부분식,1
누명,1
아해,1
비목,1
미늘,1
조랑말,1
마라도,1
닦이다,1
갑자,1
도느,1
갸륵,1
개개비,1
쾌청하다,1
제입,1
장마전선,1
바리,1
깡,1
나풀대다,1
장성,1
촌,1
내뿜었다,1
이발,1
벌초,1
태안시,1
갯물,1
낙지,1
조갯살,1
찌,1
감치,1
지지리,1
안흥,1
두엄,1
질거려,1
점심밥,1
촘촘함,1
단색,1
동,1
암기,1
과목,1
호스피스,1
수퇘지,1
건넌방,1
열등감,1
콤플렉스,1
꼬리표,1
성욕,1
드라마,1
낯짝,1
몽산포,1
해송,1
선배,1
육아,1
험담,1
산후,1
우울증,1
급류,1
남존,1
여비,1
가부장제,1
각기,1
승,1
각막,1
가려웠었,1
웃기,1
소작농,1
년대,1
상황,1
펫,1
나이라,1
꿈일,1
증좌,1
중일,1
관람,1
따라잡다,1
다다,1
욱신거렸다,1
원효대교,1
남단,1
퀵서비스,1
건기,1
우기,1
등장인물,1
막간,1
통념,1
통설,1
천직,1
착상,1
계략,1
노도,1
사약,1
뿜어져,1
서적,1
따끈따끈하다,1
원자,1
알파벳,1
함수,1
삼바,1
바동대다,1
태동,1
돌풍,1
실험실,1
연구원,1
제안,1
할딱이다,1
바이오,1
그래핀,1
풀섶길,1
도솔천,1
신림,1
난곡,1
대림동,1
변전소,1
야산,1
동물병원,1
보건소,1
간호원,1
종장,1
모래폭풍,1
독충,1
사신,1
뉠,1
잔기침,1
영문,1
초승,1
불만,1
자화상,1
부조,1
스위티,1
아집,1
형제자매,1
불만족,1
사이만이,1
깍지,1
면목,1
핏대,1
노기,1
갈팡질팡,1
아낙네,1
미끌거리다,1
구계,1
자갈밭,1
내리쬐다,1
송글송글,1
노랫소리,1
휘둥그레,1
성벽,1
귀족,1
날선,1
마한,1
빠알갛,1
환속,1
일렁거린,1
미끈하다,1
성큼,1
크레타,1
조르바,1
쇠라,1
탄피,1
자주색,1
북태평양,1
고기압,1
한반도,1
풍설,1
흘끗흘끗,1
폭탄머리,1
꽃미남,1
짝짝,1
슛,1
설전,1
아리송하다,1
포지셔닝,1
초등학교,1
등굣길,1
용량,1
등선,1
월치,1
쓰르라미,1
나뒹굴다,1
화두,1
양류,1
심기,1
일전,1
꽃동산,1
죽비,1
색즉시공,1
천수,1
천안통,1
보송하다,1
옹기,1
여우비,1
도루묵,1
에,1
싸가지,1
개똥,1
훈계,1
거여,1
진진,1
별하늘,1
한빛,1
어째,1
신비하다,1
꼬부리다,1
멸망,1
예절,1
선곰,1
짤,1
대포,1
깝니,1
다랑,1
헛발,1
걷기,1
우직하다,1
쓰러뜨렸다,1
오곡밥,1
이르렀던,1
꽃차,1
잡다하다,1
참혹,1
베토벤,1
어드,1
동이,1
산목,1
롭,1
리일,1
야마,1
송가,1
프,1
클림트,1
티눈,1
치켜세우다,1
운송,1
호의,1
장점,1
장생포,1
시드니,1
리마,1
다양하다,1
조의,1
진입,1
껌뻑이다,1
변곡점,1
포털,1
머신,1
양사,1
조련사,1
서식지,1
그림책,1
모시조개,1
종종종,1
빨판,1
모래사장,1
레시,1
해안선,1
호른,1
음울하다,1
염낭,1
무방,1
어기적거리다,1
끈적끈적하다,1
지겹다,1
말짱하다,1
종잇조각,1
십상,1
방울새,1
옥동,1
분식점,1
퇴행,1
성서,1
축사,1
게침,1
꺼끌꺼끌하다,1
구유,1
백열등,1
각다귀,1
박각시나방,1
솔수펑,1
뱅이,1
소로,1
군침,1
포정,1
마블링,1
백내장,1
손볼,1
소머즈,1
음파,1
육백만,1
업그레이드,1
업데이트,1
버전,1
요강,1
놋대야,1
첩,1
비천하다,1
귀의,1
일다,1
하이얗,1
벌떼,1
시악,1
폐경,1
회향,1
영정사진,1
전염병,1
의기양양하다,1
큰손,1
대박,1
암암리,1
공급,1
획기,1
좌익,1
우익,1
합작,1
조작,1
폐륜,1
데스,1
비무장지대,1
수협,1
박카스,1
귤,1
대개,1
호불호,1
소만,1
동문,1
관광지,1
빈민굴,1
숙박시설,1
청계천,1
판잣집,1
필수,1
상전,1
벽해,1
부랑,1
오늘날,1
슬립,1
창신동,1
관짝,1
명소,1
기발하다,1
참신하다,1
징수,1
유주,1
똥찬,1
아이디어,1
비즈니스,1
깃감,1
불립문자,1
칼럼,1
연재,1
달맞이꽃,1
오랑캐꽃,1
애기똥풀,1
엉겅퀴,1
봉선화,1
노루오줌,1
박태,1
에델바이스,1
얼레지,1
강아지풀,1
토끼풀,1
오얏,1
독초,1
투구꽃,1
아카시,1
꽈리,1
구독,1
률,1
시종,1
음란하다,1
동분서주,1
겹겹이,1
볍씨,1
헤실헤실,1
욱신거려,1
쏠쏠하다,1
전두엽,1
알파파,1
랩,1
휘둥그레지다,1
성형,1
참나,1
야누스,1
세타,1
파가,1
적대,1
손보,1
극진하다,1
어둑발,1
인젠,1
반도네온,1
첩첩하다,1
성황,1
반백,1
젖니,1
발칫잠,1
등걸잠,1
세이지,1
몽니,1
캔,1
줄거리,1
텍스트,1
호전,1
일기예보,1
화선지,1
스크루,1
활시위,1
푸르릇,1
끝점,1
백양,1
롭건,1
종경,1
조곡,1
살음,1
만경,1
푸네,1
원망,1
입춘,1
옥빛,1
대님,1
성상,1
동진강,1
옥수역,1
번지점프,1
로드킬,1
에스컬레이터,1
교통카드,1
마찰음,1
관성,1
고압,1
몽정,1
뽕,1
마장,1
도깨비,1
도롱뇽,1
슬어놓,1
몽글몽글하다,1
논틀밭틀,1
잉큼잉큼,1
질겅질겅,1
주둔지,1
적토마,1
여포,1
등등하다,1
맞선,1
전자,1
일사불란,1
잠적,1
소요,1
타도,1
횟대,1
휘저으,1
오븐,1
일명,1
오꾸닭,1
조몰락거리다,1
우성,1
어린이,1
경제학,1
어치,1
양유,1
쑥풀,1
외딴섬,1
입학식,1
뜸,1
잔챙이,1
횡행,1
소도,1
뛰놀다,1
창턱,1
이주,1
원활하다,1
무용지물,1
신용정보,1
신용판매,1
채무자,1
채권자,1
수속,1
면책,1
채무,1
현금,1
보증,1
비밀스럽다,1
토스트,1
프라이,1
중립,1
사적,1
일절,1
위리안치,1
산딸나무,1
산밭,1
새둥지,1
이강,1
금연,1
수다,1
괴고,1
단독주택,1
숙주,1
동식,1
휘저었으,1
퍼먹,1
감식,1
형사,1
운전면허증,1
증명사진,1
사이즈,1
알칼리,1
각양각색,1
시트,1
흑백사진,1
광대뼈,1
길쭉하다,1
스테인리스,1
사고사,1
출동,1
운전자,1
자녀,1
라거,1
제출,1
귀감,1
덤프트럭,1
트위터,1
새로고침,1
뒈지다,1
싫어지다,1
구근,1
럭비공,1
조준,1
컨베이어,1
표준화,1
과로사,1
부탁드리다,1
정량,1
전경,1
협궤,1
재갈,1
갯가,1
폐선,1
군색,1
곰삭,1
젓갈,1
헛손질,1
서독,1
비행기표,1
문수,1
납짝,1
막내둥,1
굶주림,1
경도,1
까치소리,1
생김새,1
팽개친,1
목청껏,1
옥탑,1
터주,1
센티,1
주욱,1
에스테,1
공중그네,1
자리바꿈,1
팬서비스,1
관객,1
망라,1
생년,1
월일,1
실금,1
갓길,1
슬어,1
막사,1
진로,1
주섬주섬,1
보관,1
금고,1
전기,1
어그러지다,1
종종걸음,1
착지,1
광원,1
강보,1
협업,1
협연,1
밀서,1
부엌칼,1
잔털,1
북슬북슬,1
클래식,1
가전제품,1
온난화,1
게다가,1
수구,1
투병,1
병색,1
딱풀,1
꼬물거리,1
와송,1
좇아간,1
탈색,1
국경일,1
초식,1
앞장,1
쭈그러들다,1
질겅이면,1
추잉,1
은박,1
개봉,1
작심,1
타원형,1
롤빵,1
곁들이다,1
날갯짓할,1
량,1
득량역,1
과꽃,1
푸르스름,1
탈주,1
무르거,1
인과율,1
변증론,1
반등,1
카랑카랑,1
쇳소리,1
원운동,1
바탕화면,1
설정,1
획순,1
백색왜성,1
조량,1
엎듯,1
타나,1
비원,1
과즙,1
평의,1
콧바람,1
대견하다,1
어수룩하다,1
방속,1
뻔뻔스레,1
시립,1
칠천원,1
세네갈,1
구입,1
닦달,1
거룩,1
소독,1
수돗물,1
틀어놓다,1
자유자,1
분말,1
심산,1
유곡,1
숨꽃,1
변화무쌍하다,1
맹꽁이,1
콘트라베이스,1
갑천,1
갑사,1
주차장,1
내비,1
찍기,1
질의,1
비릿해,1
식물성,1
생즙,1
피톨,1
늦둥이,1
라,1
썰리다,1
도움닫기,1
박후기,1
꿰곤,1
통성기도,1
죄목,1
회개,1
수조기,1
덮개,1
보이저,1
옹호,1
중얼,1
자본주의,1
허덕거리다,1
추상,1
술맛,1
희끗,1
헛되다,1
빚진,1
엎지,1
스캔,1
통제,1
골절,1
링거,1
대응,1
쓰나미,1
부스,1
휴전선,1
남하,1
보정,1
으쓱,1
재주,1
흐늘거리,1
오든,1
외짝,1
말똥,1
풍물,1
얼비치다,1
영락,1
춘천,1
발자욱,1
매립,1
쓰레기봉투,1
다국적,1
다문화,1
색소폰,1
국적,1
기숙사,1
잔업,1
특근,1
디밀다,1
늑한,1
운필,1
낙락한데,1
샛강,1
박씨,1
게으름,1
소작,1
마지기,1
품삯,1
장끼,1
실뱀,1
마딘,1
가웃,1
집배원,1
설마,1
도매,1
십삼,1
간발,1
갱년기,1
콤마,1
임의,1
특정,1
작별인사,1
생기지,1
쫓아내다,1
빈민,1
존,1
케일,1
샐비어,1
굴피,1
허릴,1
등잔불,1
두견이,1
삼경,1
동트거,1
쌀벌레,1
좀벌레,1
과식,1
청컨대,1
홍상,1
도감,1
부속품,1
석관,1
유실,1
빈병,1
고욤나무,1
안식,1
화롯불,1
소한,1
거무,1
튀튀,1
고욤,1
견처,1
토종,1
화부,1
궁핍,1
명제,1
라카,1
아트,1
수축,1
제트기,1
조종사,1
귀속,1
지령,1
청수,1
뱃살,1
어깻죽,1
사나워지다,1
시베리아,1
손수레,1
쪽잠,1
습속,1
윗목,1
발칙하다,1
괄약근,1
유혈목이,1
쫓겨나다,1
황홀,1
맹독,1
낙인,1
철근콘크리트,1
도색,1
골다공증,1
텃새,1
날빛,1
수렵,1
돌판,1
동의어,1
풍습,1
잡티,1
아뜩하다,1
인주,1
장미목,1
물불,1
사고팔다,1
유실물,1
중순,1
진원,1
혹성,1
의료,1
독차지,1
생매장,1
만듭니,1
자멸,1
자초,1
따사롭다,1
격투,1
성부,1
성령,1
경복궁,1
푸릇푸릇했던,1
수성동,1
마가,1
도저히,1
율동,1
밤일,1
맨틀,1
멘탈,1
팩트,1
느릿하다,1
눈초리,1
성찰,1
광야,1
육촌,1
쿨렁거리다,1
슈트,1
전투화,1
천연색,1
룰,1
동틀녘,1
시가전,1
대검,1
스테이지,1
팔락이,1
가뿐하다,1
팔락이다,1
켕긴다,1
후환,1
쟁여두,1
기괴,1
달변,1
폐점,1
껌벅이다,1
경악,1
웅성일,1
추도,1
복기,1
뎅강,1
등원,1
핸드백,1
웅얼대,1
고생대,1
순모,1
강태승,1
춘하,1
화인,1
경치,1
세렝게티,1
의심스럽다,1
쇠락,1
회복하다,1
렸던,1
앵글,1
구기,1
무질서,1
엄지발가락,1
커피점,1
김밥,1
시내버스,1
영세,1
작업장,1
파우스트,1
여공,1
성인용품점,1
성업,1
도박장,1
전문점,1
파출소,1
마사지,1
차일,1
청구,1
규격,1
양순,1
회유,1
륭,1
벌렁,1
꿴,1
만인,1
어두우,1
시취,1
사회생활,1
머묾,1
안식일,1
별꽃,1
점염,1
제조법,1
쿨하다,1
마찰,1
취약,1
단축,1
중첩,1
명멸,1
단일,1
요기,1
불똥,1
옭아매다,1
송연함,1
이골,1
참담,1
박사,1
물컹물컹하다,1
발그레,1
집밖,1
한남동,1
묘사,1
지핀,1
체인,1
일만이,1
왕도,1
은륜,1
일렁임,1
부활,1
다이얼,1
와이파이,1
여권,1
국가,1
여생,1
밟혔는데,1
아귀,1
이설,1
었던,1
냉대,1
환멸,1
철학,1
극,1
화근,1
정처,1
잡화,1
우물쭈물,1
거렸다,1
토릇,1
또릇,1
굴렸다,1
구슬리다,1
반하다,1
식별,1
생귤,1
단란,1
열댓,1
직통,1
타이레놀,1
다솜,1
영은,1
동교동,1
삼거리,1
공덕,1
오거리,1
빻는,1
샌들,1
붇는다,1
훼손,1
적임,1
빼물,1
비행운,1
제거,1
파슬리,1
묶음,1
펜넬,1
처빌,1
쪽파,1
오일,1
라임,1
크랜베리,1
페루,1
후기,1
참어,1
증상,1
접촉,1
난치,1
진단,1
증여,1
알아내다,1
중간계,1
의례,1
면역,1
진귀하다,1
막바지,1
닥치,1
동선,1
모락모락,1
애홍,1
점박이,1
문학관,1
북두칠성,1
오리온,1
붕,1
냉소,1
칠이,1
플래시백,1
러블리,1
리플리,1
느릿,1
부양,1
연변,1
요양보호사,1
쥐가오리,1
간만,1
여러해살이풀,1
실외,1
건조대,1
데이지,1
베고니아,1
태안,1
반들반들하다,1
담뱃내,1
쩐,1
뱁새,1
보행,1
희극,1
팡파르,1
분분,1
신라,1
수막,1
로스,1
토닥토닥,1
덩짝,1
나비잠,1
등판,1
혔,1
옹알거리다,1
포대기,1
추슬렀다,1
뭉갭니,1
삭제,1
주간,1
고진,1
관념,1
의정,1
철못,1
나사못,1
의향,1
풍전등화,1
라푼젤,1
신천,1
보드카,1
북해,1
군산,1
경암동,1
트릭,1
모디,1
인물,1
밤배,1
송년,1
환성,1
마이크,1
표표,1
재배,1
신생,1
대인,1
열람,1
혹간,1
에우클레이데스,1
허수,1
분배,1
시제,1
낱,1
불굴,1
격전,1
대꾸,1
천생연분,1
살집,1
돌다리,1
지천역,1
막냇동생,1
제사상,1
우두둑,1
쏘아보다,1
삽질,1
니요,1
오드아이,1
외식,1
물듭니,1
꼬드기,1
취객,1
막차,1
활주로,1
공항,1
길레,1
부르짖다,1
바다거북,1
어류,1
추천,1
해저터널,1
산호,1
사색,1
해치,1
궁핍하다,1
산수유나무,1
조팝나무,1
청량천,1
미나,1
릿단,1
소복하다,1
봇둑,1
릿,1
꽃샘추위,1
조난,1
객인,1
객지,1
석유난로,1
대쪽,1
기개,1
신변,1
파리채,1
초고추장,1
씨나락,1
성찬,1
찬밥,1
헛춤,1
지적도,1
관장,1
물시계,1
홈통,1
유리컵,1
인도코끼리,1
멸렬,1
지리하다,1
지명,1
와우산,1
잘살다,1
퇴락,1
조화롭다,1
방석집,1
나열,1
흰빛,1
순백색,1
덧칠,1
웨딩,1
타운,1
재개발,1
타요,1
윤활제,1
각거리,1
가빠오네,1
철커덕,1
중금,1
겨워,1
휘파람새,1
희로애락,1
화복,1
흥망,1
성쇠,1
단조롭다,1
야단법석,1
분별,1
어슬렁거리다,1
황금색,1
양단,1
고질,1
포플린,1
홑청,1
조령관문,1
바라보이다,1
치러지다,1
제아,1
항간,1
손상,1
밥때,1
운때,1
장황하다,1
황당,1
보채다,1
무도회,1
땔감,1
공통,1
가스통,1
브루,1
반면,1
집아,1
안일하다,1
음침하다,1
환기,1
프로크루스테스,1
막연하다,1
모닝,1
래서야,1
함정,1
고심,1
밑거름,1
푸릇푸릇,1
부자,1
아하,1
금은,1
종이가방,1
쌈밥,1
비둘기호,1
재첩,1
송홧가룬,1
통영,1
티브이,1
초봄,1
엘지,1
옥룡,1
다압,1
옥곡,1
널따랗,1
교목,1
벼리,1
점묘,1
벚굴,1
가축,1
식도,1
업,1
인시,1
법고,1
승은,1
해갈,1
향냄새,1
염습,1
본적지,1
삼자,1
똑똑,1
급여,1
몰수,1
연구실,1
금전,1
정물화,1
타락하다,1
반항,1
맹인,1
널리,1
널린,1
사망,1
곤고,1
이방,1
연륜,1
시시,1
깃불,1
축일,1
사만,1
팔만,1
연마,1
문어숙회,1
도란,1
턱밑,1
팔팔하다,1
숙회감,1
노후,1
팔완목,1
백도,1
오랏줄,1
칠만,1
구천,1
모슬린,1
아치,1
용해,1
검댕,1
터럭,1
바짓가랑이,1
근대,1
흡착,1
불기둥,1
런던,1
증기선,1
돛대,1
젖빛,1
낱낱,1
물초,1
깜부기,1
인간관계,1
침투,1
논란,1
핵심,1
요인,1
분석,1
자기방어,1
번뇌도,1
골격,1
열연,1
공존,1
원칙,1
연구,1
오솔길,1
초파일,1
불그스레,1
샤륵샤륵,1
염주,1
금강경,1
신당,1
방기,1
눈탱,1
구두점,1
엉터리,1
구한,1
잎싹,1
리그,1
티격태격입니,1
각인,1
꾸리다,1
정겹다,1
핑,1
노점,1
중국,1
아누,1
애월,1
타이즈,1
숙제,1
엮어내,1
광대하다,1
맛없다,1
답지,1
뚜벅뚜벅,1
현판,1
절집임,1
등산로,1
카세트,1
수경,1
웅얼거렸다,1
초막,1
공양,1
등골,1
마비,1
물발,1
난폭하다,1
엿듣는,1
쪼듯,1
홀딱,1
자율학습,1
복리,1
책자,1
주역,1
리학,1
애니,1
수비학,1
기기묘묘하다,1
기초,1
소양,1
교육,1
시무,1
도나,1
술술,1
글쓰기,1
고대로,1
카이,1
날밤,1
새우다,1
천원,1
복채,1
짭잘하다,1
뭐꼬,1
알콩달콩,1
영업,1
개시,1
씨부리다,1
니캉,1
내캉,1
다소곳,1
쪼매,1
멍울,1
꽃때옷,1
만만하다,1
댕기,1
해자,1
카더라,1
식판,1
방심,1
막중,1
낱알,1
잔반,1
바이칼호,1
천만년,1
나잇,1
포동,1
윤슬,1
정결,1
털끝,1
대장,1
패션쇼,1
모정,1
철봉,1
재래시장,1
판지,1
깔개,1
흙빛,1
피부색,1
방망이,1
입산,1
사당,1
감실,1
주렁,1
느끼하다,1
물렁,1
놀래다,1
임의롭,1
시추,1
에이,1
션,1
띄엄띄엄하,1
농사일,1
하여튼,1
맨입,1
칵,1
다름없다,1
영원무궁,1
햐,1
번뇌,1
가열,1
다듬이,1
차분해지다,1
집념,1
뭉뚱그려,1
지릿,1
대사,1
부석,1
모집,1
정문,1
구두쇠,1
투덜거리다,1
소모품,1
화곡동,1
엄,1
장구벌레,1
가가린,1
알렉세이,1
레오,1
노프,1
앨런,1
셰퍼드,1
닐,1
암스트롱,1
자신만만하다,1
트럼펫,1
식초,1
인어,1
시구,1
망고,1
경청,1
묵독,1
대여,1
미니,1
엉겅퀴꽃,1
주근깨,1
산나리,1
금낭화,1
음이온,1
기념비,1
진탕,1
향후,1
추발,1
횡격막,1
에스케이,1
수능,1
울먹거리다,1
사냥개,1
화초,1
잤느,1
울퉁불퉁하다,1
본뜨다,1
구김,1
해동,1
몸빛,1
왕림,1
신가,1
출연,1
외할아버지,1
윗,1
증조,1
고조,1
결성,1
응집,1
틀어박히다,1
부응,1
최종,1
완결,1
파워,1
뭉개지,1
삐죽하다,1
암술,1
부뚜막,1
불그스름,1
쇠고기,1
득시,1
스테이크,1
믹서기,1
칫솔질,1
시닥나무,1
결각,1
손뼉,1
굼뜨,1
볼품,1
아무르,1
허드,1
렛,1
올빼미,1
흑요석,1
드렁드렁,1
등촌동,1
콜트,1
콜텍,1
본사,1
임재,1
중국집,1
로데오거리,1
홍기,1
박준호,1
갱신,1
돌입,1
차림표,1
쌍차,1
대한문,1
분향소,1
교동,1
김치찌개,1
애용,1
순천향,1
이태원,1
민주,1
노총,1
본부,1
영등포,1
서대문,1
충분,1
룻,1
양심,1
퇴원,1
잣죽,1
요리조리,1
훓어,1
몯아지,1
개수,1
하물,1
의아,1
시궁,1
조성하,1
빚습니,1
번성,1
조물주,1
재물,1
왕따,1
빌어먹을,1
뉘앙스,1
괘씸하다,1
의리,1
강남대로,1
성적,1
배우자,1
인맥,1
생기며,1
근거,1
게라,1
사족,1
산더미,1
풍차,1
햇솜,1
얼버무리다,1
알몸뚱이,1
변태,1
아슬아슬,1
비질,1
뒷일,1
속성,1
혹등고래,1
섬망,1
만년필,1
발코니,1
절대자,1
틈나다,1
조선왕조,1
본인,1
오한,1
전말,1
성은,1
단층,1
억눌리다,1
파생,1
윤회,1
굴절,1
수피아,1
건넛집,1
목판본,1
휘발,1
헤적,1
닥나무,1
그을리다,1
초서체,1
어룽거리다,1
뼛조각,1
추깃물,1
집터,1
틀니,1
성냥개비,1
초고,1
문진,1
취급,1
사내아이,1
체적,1
잔금,1
핑크,1
라벤더,1
밸브,1
원탁,1
구성원,1
반입,1
비죽,1
밀실,1
퇴장,1
번창,1
철사,1
부전,1
뜰앞,1
북춤,1
꿰어져,1
화업,1
초빛,1
혼백,1
한갓,1
맞춤,1
쌀밥,1
오매,1
얼매,1
껌댕,1
흙탕,1
키득대다,1
철인,1
유정,1
노른자위,1
흰자위,1
곤달걀,1
중금속,1
항생제,1
고행,1
열반,1
와스,1
유별나다,1
눌릴,1
지스,1
수골,1
채도,1
명도,1
시계공,1
순종,1
나돌다,1
사냥터,1
급매,1
총잡이,1
협상,1
목관,1
개불알꽃,1
루저,1
혼몽하,1
밀지,1
신입,1
철걱철걱,1
훌쩍거렸,1
풍년,1
얼척,1
꼬집다,1
애피,1
고모,1
년도,1
뒤덮히다,1
앞당기다,1
양주,1
덕정역,1
황톳빛,1
논바닥,1
화판,1
우렁이,1
궁창,1
홍해,1
사파이어,1
오지랖,1
사방천,1
유린,1
순수,1
영양분,1
일해,1
편식,1
고약하다,1
잔변감,1
잔변,1
이디야,1
셰이킹,1
롱아일랜드,1
아이스티,1
민감하다,1
퍼포먼스,1
골드,1
구역질,1
수집,1
경찰,1
팔고,1
성매매,1
클럽,1
헬스장,1
혼동,1
나이프,1
다자,1
아르누보,1
보증금,1
참패,1
패러디,1
전철역,1
셰이커,1
피넛,1
발레리나,1
강간,1
당일,1
취했어,1
재해,1
적합하다,1
거슬리다,1
음소거,1
사운드,1
볼륨,1
중량,1
꽃발,1
늦잠,1
이따,1
유기견,1
충전기,1
무기한,1
공용,1
콘센트,1
보부상,1
소재,1
상장,1
옵션,1
보아뱀,1
두상,1
제작,1
임박,1
쓰시,1
결제,1
시불,1
할부,1
메인,1
콘셉트,1
하얀색,1
토네이도,1
허용,1
할애,1
석공,1
노승,1
불편,1
엽록,1
명치,1
오염,1
미역국,1
비법,1
갯메꽃,1
갯마을,1
동맹,1
고등학생,1
단체,1
백두산,1
박성우,1
베이킹파우더,1
미량,1
알루미늄,1
불면증,1
관절통,1
과수원,1
유료,1
이해력,1
모험,1
정월,1
대보름,1
생동감,1
연쇄,1
무작위,1
정치면,1
다이어트,1
엄동설한,1
소지,1
목차,1
과묵,1
내뿜,1
속지,1
수필,1
비평,1
요지,1
술친구,1
제자,1
활발하다,1
문맥,1
불통,1
산문시,1
촌철,1
완전범죄,1
미적,1
십도,1
계간,1
다비,1
구들,1
장판,1
불도장,1
천삼백,1
뿡뿡거리,1
맹장,1
독상,1
백수,1
보드,1
포비아,1
티볼리,1
김희준,1
서커스,1
안데르센,1
단면,1
쏙독새,1
관람차,1
파기,1
입적,1
구업,1
쩔쩔매다,1
아쟁,1
청평사,1
눕힌다,1
잠수부,1
돌고래,1
수갑,1
축구선수,1
조각가,1
위태롭다,1
걸상,1
권총,1
역기,1
보호자,1
현자,1
명징,1
원숙하다,1
어림,1
뭉근히,1
박국,1
비릿하,1
반공,1
봄하늘,1
퍼부어,1
스란,1
무미,1
정형,1
다려지다,1
분장,1
쑤욱,1
베트남,1
콧등,1
은사,1
신묘하다,1
단소,1
팝콘,1
교신,1
스턴트맨,1
스쿠버,1
발라드,1
풍,1
요동,1
백억,1
칠흑,1
캄캄,1
비탄,1
돌꽃,1
초도,1
궁구,1
이백팔십일,1
내막,1
내자,1
미모사,1
공범,1
들통,1
구합,1
빈둥빈둥,1
도세,1
군대,1
빈방,1
월등하다,1
체벌,1
준공,1
완치,1
지신,1
저택,1
신통력,1
구실,1
독약,1
출렁거렸,1
수장,1
하류,1
버둥,1
오물거리다,1
뜨뜻하다,1
재활용,1
삐꺽거,1
등위,1
자그마하다,1
돛배,1
쇠사슬,1
떄문입니,1
대장장이,1
풀무,1
한산하다,1
화덕,1
풍구,1
골반,1
팝,1
파의,1
손매,1
숭,1
전문가,1
오디오,1
영상,1
감탄사,1
남발,1
모던,1
담백하다,1
건강미,1
황송,1
쿨리지,1
마리네,1
졸지,1
북새통,1
삐라,1
가계부채,1
동결,1
퐁퐁,1
혐의,1
알력,1
그다음,1
아차,1
몸체,1
감돌다,1
스산하,1
적혈구,1
작두,1
무녀,1
수식어,1
파자,1
휜다,1
지방,1
케이블카,1
가상,1
대동,1
풋것,1
벗어지다,1
몽환,1
밤섬,1
치켜뜨다,1
특집,1
유리가면,1
갑옷,1
칼등,1
비응,1
고추기름,1
식용유,1
대파,1
굴소스,1
짬짬,1
아두,1
장독,1
독파,1
해산물,1
공판,1
수상하다,1
키득거리다,1
취했으,1
상식,1
득실,1
인분,1
조급하다,1
거주,1
담뱃불,1
김상현,1
방북,1
사오다,1
평양,1
못혀,1
뿌러,1
겄,1
구먼,1
걸작,1
육이오,1
평일,1
해필,1
월매,1
동석,1
의원,1
붉으락,1
푸르락,1
리종혁,1
아태,1
원장,1
아따,1
눈위,1
너도밤나무,1
이스,1
랏,1
떡갈나무,1
하늘다람쥐,1
둥글리다,1
골질,1
모략,1
교행,1
무뎠다,1
핏자국,1
딩딩,1
피폐,1
고풍,1
세관,1
촛대,1
토마스,1
그림자극,1
갯내음,1
상점가,1
네온등,1
일별,1
적빈,1
외톨이,1
자진,1
유고,1
선정,1
웃통,1
꼰다,1
조숙하다,1
아프리카,1
휘돈,1
편종,1
들보,1
벼락치기,1
행불,1
빠끔,1
원통,1
학술,1
저작권,1
교과,1
도서,1
보상금,1
역서,1
인세,1
수수료,1
공제,1
시학,1
환산,1
제기랄,1
대교,1
아슴아슴,1
마이너스,1
절었다,1
정색,1
상종,1
곁눈질,1
유통,1
성모마리아,1
미녀,1
비참,1
옹알,1
용약,1
서버,1
이글대다,1
거웃,1
무시무시하다,1
장딴지,1
내복,1
신축,1
비교,1
직각,1
발랄하다,1
아라비아,1
홀려,1
꼭두서니,1
괴물,1
부동산,1
심오하다,1
소르륵,1
즘,1
발광,1
호박벌,1
등자,1
별밤,1
내달,1
성현,1
남매,1
치과,1
염,1
망측하다,1
복발,1
용단,1
재기,1
별안간,1
불가결,1
목자,1
냉수,1
스쿠터,1
킬킬,1
킬,1
소태,1
오늘아침,1
생수,1
불능,1
내분비,1
코스트,1
관제,1
쇠잔,1
미각,1
양반,1
친일,1
모리,1
곰나루,1
죽창,1
왜놈,1
격이었네,1
아흐레,1
최준,1
녹두장군,1
개종,1
낙담하다,1
아버님,1
빨치산,1
보안관찰,1
욕창,1
벽제,1
장인어른,1
몽돌들,1
전우,1
사공,1
헐레벌떡,1
흘겼다,1
때우다,1
진수,1
츄리닝,1
후르,1
내비게이션,1
토끼다,1
금강야차,1
훔,1
예삿일,1
둘러붙다,1
경어,1
종유석,1
명칭,1
접지,1
정담,1
해일이,1
봄밭,1
양지,1
호미로,1
분청사기,1
본마음,1
애매하다,1
불확실하다,1
미결,1
영화감독,1
메가폰,1
컷,1
스토리,1
사형,1
집행,1
암흑물질,1
노아,1
인드라망,1
무능,1
리릭,1
벙근다,1
회원,1
외인,1
기원전,1
뒤쪽,1
벨벳,1
주례사,1
나열하다,1
뒤엉킬,1
행진곡,1
하객,1
불청객,1
청소기,1
후손,1
솟을대문,1
파혼,1
뿔뿔이,1
문맹,1
외삼촌,1
메이지,1
묵적,1
엄습해,1
우,1
민주공화국,1
쟁취,1
검은색,1
측은하다,1
체크,1
숄,1
맨손,1
아쁠싸,1
갯숫물,1
볼온,1
차안,1
군상,1
충청북도,1
전라남도,1
어촌,1
질척질척하다,1
종묘,1
세종로,1
휩쏘,1
이조,1
비료,1
페가수스,1
데메테르,1
떨어트려,1
회사원,1
정충,1
요한,1
슈트라우스,1
신사,1
침통하다,1
낙태,1
술꾼,1
삼층석탑,1
백의,1
관음보살,1
좌상,1
단청,1
사채,1
적하,1
대패,1
연두색,1
봉천동,1
유전인자,1
대물리다,1
초췌하다,1
환약,1
포지,1
벅벅,1
면봉,1
흘깃,1
빨랫감,1
쭈그러지다,1
백태,1
삭고,1
코르덴,1
지빠귀,1
새매,1
유족,1
진자,1
소모,1
양생,1
팽창해,1
쏜살같다,1
가속도,1
형성,1
소서,1
일광욕,1
이해해,1
해왕성,1
빅뱅이론,1
풍속,1
까딱,1
퇴직금,1
매물,1
급구,1
제기동,1
지역,1
수혈,1
난방,1
가는귀먹다,1
밑돈,1
도드리,1
헛짚다,1
산앳새,1
멕,1
애동들,1
엄매,1
어늬,1
능달쪽,1
은댕,1
뽀오햔,1
뿌,1
우현,1
분틀,1
이득,1
녯날,1
녀름볕,1
들쿠레,1
대대로,1
텁텁,1
사리다,1
집등색,1
넘엣,1
히수무레,1
수수하다,1
쩡하,1
닉,1
동티,1
댕추,1
탄수,1
수육,1
더북하다,1
삿방,1
쩔쩔,1
아르궅,1
고담,1
절미,1
거절,1
삼도,1
라나,1
패보,1
훈장,1
배배,1
마음결,1
루나,1
실직,1
확신,1
말단,1
추장,1
장일,1
금물,1
콜택서,1
내강,1
히말라야,1
도포,1
구례,1
마고,1
욕봤소잉,1
허씨,1
구마,1
궂,1
인간극장,1
하까이,1
어법,1
두둑하다,1
해장,1
잔돈,1
떳떳하다,1
예금,1
푸지,1
험난하다,1
각박하다,1
슬기롭다,1
지라,1
예후,1
세시,1
대보,1
히아신스,1
버들치,1
뉘었다,1
떨어트린,1
흐리흐릿,1
문체,1
당뇨,1
우후죽순,1
영리하다,1
최씨,1
선풍기,1
푸념,1
뚱,1
여차하면,1
둘러대다,1
야차,1
부월,1
퉁탕퉁탕,1
혈당,1
수은주,1
뚱딴지,1
데인,1
청바지,1
레깅스,1
방화,1
소나,1
건망증,1
섬망증,1
갑갑하다,1
떠돌이,1
징검징검,1
제물,1
소임,1
장도리,1
바깥출입,1
접근,1
귀청,1
블랙박스,1
또렷하다,1
안녕하십니까,1
자네도,1
황반변성,1
주사,1
항의,1
덜렁,1
스패,1
범선,1
오욕,1
찌들다,1
멸망하다,1
초소,1
꼴깍,1
멧방석,1
홍어,1
짭쪼롬하,1
선사시대,1
되레,1
피칠,1
적벽,1
쪼아먹다,1
집의,1
들소,1
경은,1
경만,1
고가도로,1
일산화탄소,1
이산화탄소,1
뿜으,1
성주,1
가천,1
매가,1
돼지국밥,1
말아먹다,1
선용,1
웬일,1
위쪽,1
아랫쪽,1
송년회,1
구두약,1
생크림,1
국립,1
수사,1
박혜진,1
유괴,1
숨지다,1
처치,1
의당,1
관대하다,1
생강,1
트릴,1
십자로,1
터트린,1
자홍색,1
중단,1
복숭아나무,1
구릉,1
진분홍,1
도화,1
나부,1
간극,1
희노애락,1
아릴,1
사나,1
세뇨,1
고환,1
고물,1
세포분열,1
수정란,1
자웅동체,1
겨냥,1
로버트,1
프로스트,1
하리수,1
프러시아,1
스킨헤드,1
인스턴트,1
스모키,1
가터,1
밸벳,1
흑단,1
도마뱀자리,1
콧구멍,1
코허,1
시큰하다,1
둥절,1
웅,1
성웅,1
쪼개지다,1
앞머리,1
미용실,1
뒷덜미,1
평창동,1
파란색,1
힌트,1
피골,1
상접,1
손발톱,1
자네,1
푼돈,1
식솔,1
중하,1
유감,1
노출하다,1
끼치다,1
친근하다,1
순발력,1
바튼,1
주목,1
처리,1
정류,1
국숫집,1
방고래,1
화전놀이,1
며늘,1
멈,1
거르거,1
주올,1
중방,1
흑의,1
파로,1
검색,1
둔기,1
건방지다,1
방세,1
공과금,1
삼겹살,1
쫄깃했던,1
일회용,1
접착,1
수동식,1
십만원,1
잔치국수,1
곱빼기,1
홍릉수목원,1
양념,1
우적우적,1
깍두기,1
정육점,1
잔술,1
오만상,1
누듯,1
좀체,1
여유도,1
오므락,1
커피우유,1
국립공원,1
행려,1
무적인,1
화환,1
자도,1
어저께,1
어록,1
경비,1
통틀어,1
멀찌감치,1
혈색,1
낑낑대다,1
주황,1
덜컹거릴,1
단전,1
꼬,1
꼴불견,1
연체형,1
보수파,1
나침판,1
방법론,1
세뇌,1
팽팽함,1
하랴,1
묵상,1
번거롭다,1
즛,1
남자친구,1
쭈르르,1
석판,1
늘임표,1
녹녹하다,1
열등,1
선득하다,1
저건,1
급행,1
구피,1
대충,1
분통,1
넘겨주다,1
문화센터,1
다웠으,1
산전수전,1
웬만하다,1
우왕좌왕,1
투명인간,1
대환영,1
난발,1
마삭줄,1
롯함,1
다홍,1
지레,1
음영,1
꽃다발,1
잠복,1
별장,1
자폭,1
진화론,1
남아나다,1
비관,1
판본,1
도정,1
무하,1
파립,1
수압,1
전도자,1
뒤엎는,1
고래상어,1
휘몰이,1
거대,1
관습,1
증폭,1
해면,1
우러른,1
래인,1
난자,1
대열,1
포석,1
시속,1
제지,1
김종삼,1
민간인,1
김수영,1
사각형,1
숙면,1
만만찮음,1
터치,1
프린트,1
위원회,1
노랫말,1
구붓하다,1
뒤선,1
쇠리쇠,1
섧기,1
으스럼히,1
전차,1
정박,1
포스트,1
맵찬,1
싸대기,1
싸릿대,1
니체,1
말발굽,1
스스럼,1
공일,1
거을,1
사방치기,1
몸안,1
변색,1
명패,1
참외,1
대서,1
다슬기,1
공갈빵,1
그림엽서,1
별무늬,1
자물통,1
젤,1
백야,1
모텔,1
좌정,1
청상,1
왈칵,1
주무시다,1
비빔밥,1
잡수시다,1
사찰,1
리신,1
다래,1
삼계탕,1
뚝딱,1
해치다,1
잣나무,1
뇌경색,1
고호,1
사마천,1
닌,1
작업실,1
보들레르,1
트라클,1
검문,1
기상이변,1
광주,1
민중,1
항쟁,1
힌두,1
쿠시,1
애플,1
아이패드,1
두바이,1
달러,1
멀티태스킹,1
짜깁다,1
모자이크,1
만능,1
흐미,1
삭막하다,1
편물,1
전구,1
제품,1
수출,1
등기우편,1
스핑크스,1
도입,1
교만,1
삶겨,1
불침,1
풍선껌,1
뽁뽁대,1
아씨,1
별의별,1
참견,1
꼬셔,1
염천,1
홍복,1
한물가다,1
질감,1
푸석하다,1
논밭,1
땅심,1
웬만큼,1
객토,1
불성,1
텁수룩,1
면도질,1
미쁘장,1
선친,1
사관,1
외고,1
회계,1
공주,1
재위,1
태평성대,1
비련,1
왕비,1
산협들,1
수라상,1
변방,1
사직,1
구가,1
황자,1
영애,1
영구차,1
부숴,1
보닛,1
찌그러뜨리다,1
미러,1
차체,1
계기,1
주행,1
포식,1
소라게,1
슬었다,1
방음,1
입실,1
불가하다,1
폭정,1
분할,1
무지하다,1
에티카,1
무능하다,1
화탕,1
산지,1
옥도,1
오이만이,1
오백이십,1
오십이,1
말다툼,1
품위,1
겸,1
공유,1
본분,1
늘그막,1
자부심,1
대기발령,1
선착순,1
통역,1
만해,1
해빙,1
영도,1
움찔거리다,1
튕기듯,1
생태,1
떡밥,1
난항,1
낚싯줄,1
낚시터,1
배나무,1
토실하다,1
밤송이,1
다잡다,1
테마,1
원조,1
최면술,1
미심,1
고유명사,1
짹짹,1
무치,1
스트로,1
밀집,1
폐수,1
근간,1
불안정하다,1
북재,1
무두질,1
소슬히,1
닥,1
과부,1
타란튤라,1
누더기,1
불도저,1
패션,1
덩치,1
칙칙하다,1
꽃집,1
원색,1
난무,1
힐링,1
재수,1
빗점골,1
도토리,1
인사동,1
고속버스,1
전기밥솥,1
코드,1
풀죽다,1
어찔비칠,1
가루약,1
미숫가루,1
둔중하다,1
흐느,1
군청색,1
적색,1
흑색,1
분간,1
맹점,1
박새,1
쪼로롱,1
어쩌,1
결결,1
가데,1
먼먼,1
이이,1
옹글다,1
이름나다,1
서얼,1
나다니다,1
말글,1
졸졸,1
뒤치다꺼리,1
나위,1
얼자,1
그림씨,1
우리말,1
외고집,1
허섭,1
조무래기,1
웅숭깊,1
미명,1
장이지,1
무용담,1
인심,1
출판사,1
신들리다,1
저술,1
리처드,1
브라우,1
티건,1
임신중절,1
낼깨,1
단둘,1
남향,1
화기,1
채식,1
남부,1
리카,1
오라기,1
커리,1
사법,1
로사,1
리아,1
허브,1
마시기,1
소행성,1
신선,1
만족스럽다,1
언다,1
한창때,1
복고,1
사진전,1
크레용,1
초인,1
뻐꾹,1
팔랑이다,1
명약,1
살해,1
묵비권,1
염병,1
원시림,1
해달,1
톡토기,1
피파,1
오리너구리,1
농협,1
삐거덕,1
나오니,1
소시민,1
뇌수술,1
디젤,1
짚,1
수목,1
주점,1
탁주,1
남태평양,1
운반,1
졸리,1
마취제,1
연습선,1
상선,1
포항,1
선원,1
본선,1
외항,1
통선,1
선실,1
담뱃진,1
출항,1
입항,1
일자,1
공선,1
낙관,1
폐물,1
견장,1
평산,1
악산,1
치닫다,1
상등,1
루고,1
시접,1
노루발,1
죄던,1
돌려막기,1
공정,1
눈꼽,1
오버,1
로크,1
밑단,1
하청,1
곤장,1
청사,1
수은,1
클라리넷,1
삼각,1
완력,1
러브,1
플란다스,1
승용차,1
나이스,1
옜다,1
머그샷,1
화랑유원지,1
농작물,1
후끈하다,1
농염,1
곤거,1
곤거림,1
삿대질,1
무관심하다,1
박지르다,1
유원지,1
천연기념물,1
어시장,1
인화지,1
사진관,1
해탈,1
유치원,1
뉘엿하다,1
빠,1
장애인,1
야학,1
참빗,1
좀약,1
깔창,1
붓끝,1
시루,1
사토,1
궁글렸으,1
흙내,1
산역,1
가책,1
탱고,1
잎눈,1
뿌리털,1
불티,1
평수,1
쥐눈,1
벽오동,1
위성,1
환호성,1
체격,1
다크,1
서클,1
잔망스럽다,1
양극,1
음극,1
시가지,1
찌릿찌릿하다,1
야릇하다,1
기묘하다,1
형언,1
경쟁,1
신도시,1
허허벌판,1
노무,1
만주,1
황톳길,1
깨끗해지다,1
불광,1
거뭇거뭇,1
어둑해지다,1
이유지,1
법인,1
홀쭉하다,1
날쌘,1
힐끗대다,1
펭귄,1
글피,1
부욱,1
위태로웠다,1
도지,1
파스,1
시오리,1
깨밭,1
뱀딸기,1
바랬다,1
치한,1
괜,1
악당,1
흉포하다,1
공격성,1
육식성,1
연기력,1
녹도,1
건축물,1
구리,1
슨다,1
정돈,1
화난,1
돌부처,1
자심,1
흐릿해,1
가지가지,1
상판,1
오행,1
난장,1
대보면,1
잡혀가다,1
대목,1
포크레인,1
모범,1
큼직하다,1
벧,1
철야,1
담쟁이덩굴,1
환도,1
잡부,1
우그러지다,1
재개발조합,1
설립,1
웃음꽃,1
회화나무,1
허영,1
숙,1
양달,1
무궁,1
신맛,1
휜,1
실하다,1
옹골,1
금상첨화,1
개결,1
추종,1
섭슬리,1
경첩,1
암도,1
달마,1
휘이잉,1
왕왕,1
매도,1
간간,1
혼몽,1
헹궈낸다,1
몽우리,1
거머쥐,1
장치,1
컥컥,1
연통,1
빙그르르,1
논리,1
통용,1
천천,1
어둑어둑해지다,1
십리,1
어두운,1
독설,1
가려움,1
캠프,1
보쌈,1
매운탕,1
숙소,1
배정,1
장래희망,1
자비,1
무자비하다,1
고슴도치,1
사막화,1
퍼뜨렸구,1
모체,1
발돋움,1
겹처,1
강타,1
포로,1
움켜잡다,1
무한궤도,1
용문산,1
여주군,1
점동면,1
차멀미,1
멀거니,1
간호사,1
구강,1
분사,1
일색,1
기차표,1
저녁나절,1
횡단해,1
도로포장,1
돗,1
백구,1
청설모,1
매실나무,1
선비,1
계세,1
남궁,1
판화,1
머닌,1
난린,1
쾅,1
비파나무,1
백옥,1
베갯잇,1
선불,1
끄슬러,1
웅얼거렸으,1
천남성,1
해식애,1
쾌속,1
비파가,1
변호사,1
회계사,1
만무하다,1
일억,1
이천만,1
비탈길,1
간단,1
날카로워지다,1
부팅,1
서걱거렸다,1
뾰족뾰족하다,1
미혼,1
실업,1
운전사,1
신경질,1
천체,1
처방,1
눅신하다,1
버즘,1
풋내,1
겨눈,1
질그릇,1
방아쇠,1
은칠,1
뚝길,1
민들레꽃,1
새물,1
퍼득,1
일산,1
모멸,1
원뿔,1
구럭,1
사하라,1
하비다,1
악하다,1
나미브,1
반감,1
와디,1
다나킬,1
출처,1
조간,1
소프라노,1
구더기,1
합당,1
불현,1
무논,1
뒤엎던,1
외양간,1
쟁기질,1
쟁기,1
호령,1
콧김,1
콩닥거리다,1
유명하다,1
식용,1
노인장,1
발정,1
복날,1
깜,1
초산,1
개새끼,1
지칭,1
철판,1
쇳가루,1
검독수리,1
맴돈다,1
돌개바람,1
황하강,1
유역,1
회오리바람,1
북반구,1
만선,1
동창회,1
경부,1
합동,1
산행,1
통학,1
재열,1
전공,1
책꽂이,1
아무개,1
김재열,1
밀양박씨,1
조신,1
경주김씨,1
계림,1
대손,1
가해,1
시집살이,1
딸아,1
필심,1
냉담하다,1
취소,1
폐해,1
일정량,1
뚜뚜뚜,1
잡식,1
걸쇠,1
끄르,1
한도,1
이그드라실,1
양고기,1
염소고기,1
선풍,1
와글,1
마오타이,1
지프,1
발생,1
횡단한다,1
풍화,1
두메,1
마낭,1
줄줄,1
보검,1
사들이다,1
찜질,1
돼지껍데기,1
스테미너,1
글거림,1
숙연,1
무림,1
퓨렉,1
복장,1
갑각류,1
취권,1
전파,1
용암천,1
후들거렸,1
묘기,1
뱅글거렸,1
계층,1
졸개,1
배알,1
칼춤,1
의욕,1
장궤,1
숫돌,1
디어,1
진검,1
탕진,1
캘리포니아,1
상표,1
오륀지,1
정객,1
유아,1
영어학원,1
나라말,1
하와,1
밑천,1
파산하다,1
양손잡이,1
외곬,1
지정,1
자기혐오,1
통정,1
초콜렛,1
유한,1
범주,1
무턱,1
동면,1
락사,1
골똘,1
둔갑,1
내디디다,1
마구잡이,1
요란,1
징역,1
해파리,1
뉘었,1
물기둥,1
루즈,1
촉각,1
사랑방,1
찌지직거리다,1
민,1
우러,1
차향,1
보름날,1
화하다,1
솔향기,1
에필로그,1
산자,1
리무진,1
산국,1
태양빛,1
투사,1
가빠온다,1
선인,1
격풍,1
등식,1
수레바퀴,1
숨비,1
부표,1
꽃섬,1
수금,1
오만원,1
돈독하다,1
부린다,1
분과,1
천진난만,1
발신,1
에덴동산,1
대학병원,1
보관료,1
턴테이블,1
오보에,1
천칭,1
반야,1
극락정토,1
지장보살,1
뉴질랜드,1
베링해,1
관리,1
남극,1
반원,1
탱크,1
담수,1
비등점,1
단발,1
명령어,1
아포리즘,1
부조리,1
이타,1
암세포,1
슬러시,1
백목련,1
개흙,1
뜬금,1
종결,1
휴직,1
굴성,1
발달,1
페르소나,1
출진,1
키도,1
독거,1
흉악하다,1
모개,1
꽤액,1
콕,1
코크,1
대자,1
계관,1
조아리다,1
리알,1
역표시,1
갯바위,1
딴다,1
쏘이다,1
널브러진,1
드라이,1
러워,1
마론,1
망토,1
교교하다,1
참전,1
스스럼없는,1
임실,1
호국원,1
마켓,1
문구,1
물관부,1
체관부,1
연두빛,1
불콰,1
깔깔하다,1
이대,1
뒤태,1
봉황,1
봉정,1
일박,1
이일,1
빙벽,1
중압,1
충매,1
조만간,1
성층권,1
자장,1
빗나가다,1
이성,1
흘깃흘깃,1
고성능,1
영화광,1
막상,1
볼캡,1
제복,1
믹서,1
노초,1
미장센,1
굼벵이,1
한시,1
짠물,1
뱀장어,1
처가,1
밋밋하다,1
행락,1
다분하다,1
힁허케,1
아리,1
뭉텅,1
잠옷,1
무아,1
불감증,1
국경선,1
끌끌,1
차례차례,1
압록바위,1
풀빛,1
동부,1
재첩국,1
달맞이,1
소리개,1
빼놓다,1
썩썩,1
옹,1
쪼옥,1
똬릴,1
또그르르르,1
점등,1
상쾌,1
나노,1
펨토,1
영감,1
여성,1
중성,1
쌍끌이,1
샅샅이,1
피코,1
시궁창,1
땜질,1
통행료,1
폭주족,1
폐기,1
체류,1
돌발,1
절교,1
충북,1
보은군,1
수한면,1
묫,1
강정,1
야숙,1
명당,1
잔돌,1
시원찮다,1
잔고기,1
여왕개미,1
혼인비행,1
어절,1
제한,1
혼인,1
금박,1
장정,1
베스트셀러,1
과중,1
오타,1
보푸라기,1
적정하다,1
매수,1
원고,1
드물다,1
수호,1
은비,1
하절,1
청란,1
이안류,1
아로새기다,1
청첩장,1
단서,1
베스킨라빈스,1
적립,1
사은,1
초콜릿,1
한갓지다,1
조모,1
삼가다,1
오리발,1
기만,1
찰삭,1
불명,1
공황장애,1
사이비,1
들락거려,1
금주,1
꾸물거리다,1
뚝심,1
설사,1
대감,1
임시,1
부도,1
토종닭,1
무당개구리,1
굿,1
구축,1
증가,1
평생소원,1
재계,1
몽점,1
찻물,1
교사,1
역학,1
역수,1
꽃점,1
애완견,1
버둥거렸,1
어지러워지다,1
레이디,1
쉐이브,1
표피,1
모래주머니,1
열기구,1
더럭더럭,1
괭이밥,1
툭하면,1
타령,1
대뜸,1
보약,1
역정,1
덜하다,1
근력,1
부채질,1
콩잎,1
놀리다,1
메스껍다,1
진공상태,1
외눈,1
구해오,1
처분,1
음료수,1
설계,1
차례대로,1
튕겨보지,1
짓무르,1
꿋꿋,1
윷판,1
외람,1
마부,1
종기,1
이기자,1
단박,1
뭉칫돈,1
뱁새눈,1
흘겨보다,1
술고래,1
급작,1
항로,1
바서지다,1
푸욱,1
차오,1
오색,1
성경,1
성호,1
술별,1
호남선,1
노령역,1
송정리역,1
나주역,1
시큰둥,1
뻥튀기,1
밭뙈기,1
청보리,1
지지다,1
희희낙락,1
천지창조,1
통성명,1
진운,1
집합,1
양산,1
여학생,1
분칠,1
룻잠,1
승패,1
수통,1
양팔,1
드림캐처,1
목수,1
굉장하다,1
휘익,1
달겨,1
이천오백,1
재떨이,1
기표,1
달방,1
연변말,1
승마,1
승무,1
라마,1
망명정부,1
도금,1
팔찌,1
가격,1
미정,1
외마디,1
보법,1
오른손잡이,1
직사각형,1
폭파,1
속보,1
애매,1
파킨슨병,1
생가,1
습도,1
안온,1
관목,1
위도,1
시보,1
무릅쓰,1
안정,1
끝집,1
검객,1
부레풀,1
널빤지,1
과상,1
졸라,1
창창헌,1
우꿋허,1
들렁,1
가당,1
닥헌,1
낭밭,1
데껴뒁,1
죄우꽈,1
설룬,1
칭,1
원헌,1
들엄,1
다다미방,1
벌거숭이,1
외풍,1
벌벌,1
강교,1
화신,1
의구,1
자자손손,1
확대경,1
어쿠스틱,1
음향,1
자손,1
바윗돌,1
꼴다,1
퇴역,1
장교,1
맥진,1
구포,1
후반,1
풋풋하다,1
방과,1
발랄,1
햄버거,1
따분하다,1
연지곤지,1
열도,1
소복소복,1
꽃살문,1
망은,1
트롤,1
선의,1
깨트려,1
첫새벽,1
넒어,1
가하다,1
치와와,1
부술,1
개집,1
트램펄린,1
얼씬거리다,1
보신탕,1
안달루시아,1
반사각,1
압생트,1
피의자,1
순회,1
재판소,1
소장,1
모험가,1
불꽃놀이,1
종인,1
아르헨티나,1
개조,1
막심,1
고리키,1
불간섭,1
람,1
보행자,1
색칠,1
황색,1
통행량,1
남풍,1
서풍,1
엉킨다,1
파르스,1
름,1
흠칠,1
쇠약하다,1
바람나다,1
오순도순,1
형님,1
늬,1
명세서,1
앙칼지다,1
연체,1
독촉,1
렘수,1
홀소리,1
등급,1
뿜는,1
자동화,1
단말기,1
초겨울,1
말더듬이,1
잘라먹다,1
또박또박,1
치인,1
비골,1
지하수,1
유람선,1
대들다,1
실지로,1
맟추어,1
비닐하우스,1
임명,1
이백육십구,1
강낭콩,1
출입문,1
앙증스럽다,1
민들레영토,1
본격,1
만만찮,1
전략,1
상치,1
담임,1
겨자,1
가능,1
잡아먹히다,1
빠트리,1
보탰다,1
팬케이크,1
맨홀,1
퍼준다,1
남빛,1
앵강,1
통통하다,1
이상은,1
거슬러오,1
간전면,1
동방,1
마산면,1
메기,1
바께쓰,1
슬러,1
두코,1
이씨,1
노숙생활,1
남대문,1
명품,1
거적,1
종두,1
지연,1
가렴,1
야트막하다,1
깨금질,1
깝죽,1
약국,1
토함산,1
자예,1
삘릴릴,1
삘,1
릴리,1
뜨내기,1
허름하,1
역전,1
엣것,1
후예,1
규율,1
열대,1
케잌,1
노려보다,1
수숩,1
오수,1
수컷,1
홰,1
쌍봉낙타,1
카멜,1
어리둥절하다,1
맑힌,1
청령포,1
곤룡포,1
백마,1
노산,1
백성,1
관음송,1
옷고름,1
빈젖,1
향합,1
속살대다,1
흥겹다,1
응어리,1
살로,1
흰눈,1
벌금,1
질경이,1
헤드라인,1
은하계,1
혜성,1
줄타기,1
산책길,1
사산,1
슈퍼,1
창눈,1
환심,1
사기,1
사기꾼,1
곰보,1
세계대전,1
나치,1
찬송,1
찬양,1
슬다란,1
곤줄박이,1
스카이,1
물푸레,1
슬었을까,1
여름잠,1
머릿,1
퓨즈,1
합죽,1
빙,1
쥐포,1
잠일,1
빵빵,1
조선시대,1
철철,1
호우,1
쫙쫙,1
가두리,1
탈옥,1
앉은뱅이,1
씀바귀,1
물매,1
꽃방,1
구불구불하다,1
팔로,1
작동,1
무종,1
플래시,1
몰락하다,1
마쓰,1
물밑,1
공생,1
멸종위기,1
습벽,1
사설,1
밥통위,1
브릭,1
쏙닥이,1
삼년상,1
반짝반짝하다,1
자갈치,1
욕지거리,1
순교자,1
며진,1
레지스탕스,1
밀창,1
우렁차,1
비스듬하,1
발동,1
차바퀴,1
사동,1
외나무다리,1
보성강,1
공지영,1
물바다,1
유랑민,1
유인원,1
악다구니,1
친권,1
웠,1
오제,1
솔진,1
탄탄하다,1
젖꽃판,1
단칸,1
등성이,1
염씨,1
육천만원,1
볕살,1
화첩,1
가랑가랑,1
앞앞,1
진득,1
목판화,1
탄화,1
광풍,1
유목민,1
외곽,1
광등,1
경찰관,1
거수경례,1
만달라,1
각종,1
호세,1
점퍼,1
보호대,1
요금,1
해감,1
참숯,1
되씹다,1
가카,1
코웃음,1
물구나무서기,1
전제,1
즉석,1
채취,1
잊힌,1
모랫길,1
매복,1
포복,1
곪,1
길임,1
칸타빌레,1
모르거나,1
승객,1
주춤,1
와글와글,1
서릿발,1
소맷자락,1
덜컹철컹,1
투숙,1
엎었다,1
뿜,1
메스꺼움,1
빠듯,1
단락,1
완독,1
휘우듬,1
노곤,1
백모란,1
초속,1
속력,1
광기,1
남십자성,1
석탄자루,1
암흑성운,1
산개성단,1
밀교,1
두툼,1
무익하다,1
번철,1
스스스,1
우후,1
자글거리다,1
헤어샵,1
화제,1
뫼,1
만월,1
머슴애,1
쥐불,1
근동,1
둘린,1
잔칫집,1
구경꾼,1
바지런,1
채광,1
덩그랗다,1
아롱,1
덕담,1
까륵대,1
꼬맹이,1
셔틀,1
날갯죽지,1
드니,1
청소원,1
뛰어나오다,1
입사,1
일품,1
남다르다,1
방한,1
짓궂다,1
피스,1
백방,1
조롱박,1
반대말,1
요가,1
조롱조롱,1
눈총,1
카톡,1
약수,1
저잣거리,1
몸일,1
일자리,1
풀칠,1
승강장,1
냉혹하다,1
받침돌,1
서곤,1
밀로,1
포주,1
관음증,1
무더위,1
증권,1
수비대,1
방어,1
엠뷸런스,1
영안,1
포르말린,1
누적,1
갸르릉거리,1
양치,1
꽃색,1
꽃향,1
형형색색,1
고궁,1
전람회,1
연극제,1
청산도,1
올레길,1
비닐봉투,1
댕강,1
생닭집,1
기하학,1
돗발,1
씨안,1
버둥거렸겠어,1
뙈기밭,1
살붙이,1
오밀조밀,1
민달팽이,1
육필,1
밥상머리,1
건건,1
남루하다,1
태위,1
태합,1
수도승,1
더냐,1
뜨끈하다,1
지형,1
밀림,1
향유,1
부르카,1
성지,1
호롱,1
데칸고원,1
원정,1
말고기,1
연명,1
광활하다,1
향로,1
현숙,1
아그라,1
망루,1
청화,1
타클라마칸,1
재채기,1
확보,1
선크림,1
뭉크,1
백과사전,1
뺑소니,1
노닐다,1
물별,1
가쁠,1
고충,1
궁글려,1
똥글똥글,1
방울벌레,1
과잉,1
헝클다,1
혼잡하다,1
카오스,1
무력감,1
태명,1
응축,1
좇는다,1
중력장,1
다방면,1
무명지,1
역자,1
성가,1
항성,1
성단,1
연직,1
골똘한데,1
못지않다,1
아멘,1
응용,1
랑다,1
삼지창,1
알마게스트,1
초신성,1
수륙,1
양용,1
혼곤,1
타임머신,1
동일과정설,1
내생,1
핵분열,1
외계,1
도킹,1
경의선,1
복구,1
승하,1
장골,1
어무이,1
눠,1
돌쩌귀,1
연출,1
소견,1
폐활량,1
비틀어지다,1
리해,1
앨범,1
형벌,1
말캉거리,1
휘청대다,1
위독하다,1
모되,1
문패,1
얼굴빛,1
호도,1
나선형,1
사별,1
면내,1
알싸하다,1
움씰거리다,1
비눗물,1
춧,1
들깻단,1
훠이훠이,1
혈진,1
잉걸,1
굳어지다,1
변죽,1
날다람쥐,1
영수증,1
의치,1
김성희,1
공평,1
섣불리,1
상의,1
터트렸다,1
장의사,1
이군,1
사기그릇,1
부가,1
술래잡기,1
깡통차기,1
폴짝,1
사이다,1
야야,1
장부,1
점빵,1
고정관념,1
니야,1
때건,1
뒤척임,1
랩소디,1
판이하다,1
처녀작,1
삼인칭,1
생소하다,1
필라,1
저격,1
부메랑,1
성립,1
합일,1
공리,1
계로,1
요하,1
메리트,1
측,1
은연중,1
맞꼭지각,1
스펀지,1
외박,1
수덕사,1
수덕,1
호실,1
승속,1
만리장성,1
빼앗다,1
음탕하다,1
온음표,1
꺼멓,1
뿜었,1
피톤,1
치드,1
혓바늘,1
질환,1
고둥,1
이쑤시개,1
멍게,1
광어,1
가젤영양,1
간의,1
대일,1
성게,1
영양,1
아유,1
부쩍,1
인도양,1
대서양,1
태평양,1
러시,1
아산,1
후루룩,1
정원사,1
사가,1
지하실,1
쌔근쌔근,1
갓난아기,1
도배지,1
낙숫물,1
센티미터,1
동태,1
장탕,1
삼양동,1
제외,1
성교,1
덴,1
마야인,1
나크,1
독풀,1
세지,1
낭려,1
고영민,1
똥구멍,1
어이없다,1
새꺄,1
섭하다,1
무참,1
부들부들하다,1
끈끈,1
불순,1
제조,1
강화유리,1
낙상,1
발작,1
삼복,1
청양,1
직성,1
맏물,1
딸딸,1
고추잠자리,1
용광로,1
순도,1
삭풍,1
감격,1
불보,1
북벽,1
분화구,1
범청,1
이석희,1
가야금,1
체취,1
역일,1
요양,1
우태,1
남선면,1
원림,1
여섯시,1
잿더미,1
저가,1
분당,1
칠백,1
와류,1
근친상간,1
뒤집혔건,1
여벌,1
한단,1
두런두런,1
하관,1
재잘대다,1
경기도,1
충청도,1
창망하다,1
당간지주,1
맞닥뜨리기,1
의탁,1
땟물,1
쾌쾌,1
덕지덕지,1
루한,1
교감,1
지하차도,1
퍼부운,1
기륭전자,1
컨테이너,1
구로역,1
국회의사당,1
퇴거,1
불응,1
허가,1
말쟁이,1
뚱하다,1
우도,1
인왕산,1
이어달리기,1
한마음,1
철심,1
폭소,1
사력,1
총구,1
누지,1
화구,1
분해,1
홀수,1
짝수,1
꽃혀,1
스프링,1
참조,1
퍼뜨린,1
낄낄,1
전신주,1
가뜩이나,1
머리털,1
약쑥,1
상깃,1
공자,1
끝었,1
제설차,1
북악스카이웨이,1
설산,1
낙석,1
빙괴,1
실족,1
야기,1
대리점,1
구하라,1
환불,1
냅킨,1
타월,1
곤란하다,1
덧붙이다,1
잔인함,1
호스트,1
오락,1
확연,1
번번하다,1
상냥하다,1
수화기,1
섭,1
씨눈,1
이윽히,1
우윳빛,1
바랑,1
생리대,1
불가불,1
살바람,1
더덜뭇,1
고수부지,1
바글대다,1
시엔,1
현대,1
고비사막,1
현수교,1
곤봉,1
독점,1
화염병,1
차일피일,1
일렁일렁,1
어간,1
가시꽃,1
사하,1
대청,1
수산,1
발랑,1
움찔,1
분란,1
청록색,1
되살리다,1
때죽나무,1
깃돌,1
소켓,1
커터,1
직립보행,1
할망구,1
참이슬,1
읎는디,1
사셔잉,1
그랴,1
분비물,1
비몽,1
사몽,1
청맹,1
밭은기침,1
병력,1
바벨,1
탑신,1
득달,1
정정,1
산제,1
초로,1
무가,1
꿩꿩,1
장닭꿩,1
비잠,1
요요하다,1
거닌다,1
방죽,1
거닌,1
잔잔,1
무선인터넷,1
라지,1
첨단,1
아르고스,1
시방,1
빅브라더,1
동기화,1
스마트,1
시티,1
운영,1
명나라,1
동창,1
바이블,1
예언자,1
트랜스,1
포뭐,1
매트릭스,1
전지,1
네트워크,1
신민,1
신경망,1
구글,1
서치,1
베들레헴,1
에덴,1
빅,1
스페이스,1
전자기파,1
운행,1
청천동,1
도요타,1
미파,1
브라더,1
싱,1
짠지,1
미역냉국,1
인천,1
갈산동,1
한뎃잠,1
가정동,1
슬라브,1
교도소,1
학익동,1
흙벽,1
해고자,1
효성동,1
송현동,1
송림동,1
주안,1
쇳내,1
만년설,1
덮힌,1
관여,1
혈육,1
남미,1
테라스,1
배선,1
적수,1
단절,1
이해도,1
핫,1
레트,1
털썩,1
가업,1
차력,1
독해,1
기법,1
띄어쓰기,1
바로잡다,1
아뇨,1
번인,1
검벅거렸다,1
팔목,1
코뚜레,1
저눔,1
쨍,1
장마당,1
퍼먹던,1
문장부호,1
괴성,1
녹물,1
아킬레스건,1
연료,1
해일,1
도토리묵,1
배설,1
바둥거,1
생손,1
폐쇄되,1
석간신문,1
낭만시대,1
계엄령,1
중심부,1
하모니카,1
주법,1
허파꽈리,1
벌새,1
규페증,1
심폐소생술,1
권투,1
글러브,1
샌드백,1
심판,1
휘슬,1
카운트다운,1
섀도,1
복싱,1
무르,1
발현악기,1
절름발,1
나목,1
오리로,1
까불다,1
런웨,1
홋홋,1
흥이,1
페디큐어,1
런웨이,1
요새,1
시즌,1
체질,1
헛기침,1
초서,1
질서정연하다,1
십구,1
알뿌리,1
비틀거릴,1
필요없다,1
예찬,1
뭉뚝,1
목도,1
뱃가죽,1
생동,1
얼개,1
복종,1
배관,1
골인,1
양력,1
밀도,1
야비하다,1
모골,1
볏,1
헛짚어,1
복부,1
원주시,1
흥업면,1
매지리,1
회촌,1
작대기,1
맹렬하다,1
기승,1
바랭이,1
재간,1
도닥,1
벙그,1
연대기,1
흘기,1
포럼,1
주방,1
봄동,1
진도아리랑,1
호남평야,1
아라리,1
신림동,1
정선아리랑,1
된장국,1
기꺼웠,1
주물럭거리다,1
폐닻,1
창공,1
무기수,1
수감,1
쇳덩이,1
돈대,1
발짓,1
명퇴금,1
대상자,1
날고기,1
소복,1
화투,1
친교,1
목격자,1
난독증,1
굴려,1
횡대,1
연도,1
집게,1
만장,1
바랜,1
어버이,1
외국인,1
공휴일,1
목하,1
배움,1
돌림자,1
반사도,1
이스트,1
불분명,1
열대어,1
스웨터,1
어두울,1
육식동물,1
해수,1
보호색,1
정글,1
지구본,1
땜,1
장가,1
천진하다,1
욱신욱신,1
스팀,1
재봉,1
앓아눕다,1
전북대,1
안압지,1
화랑,1
금관,1
회장,1
모하,1
월지,1
진골,1
피우렵니,1
잔광,1
꾸리,1
갈참나무,1
바스락대다,1
약해지다,1
대설주의보,1
그을,1
현란하다,1
흐물거리,1
부연,1
뇌문,1
기필코,1
흙더미,1
거덜,1
갈가리,1
절편,1
댕길,1
뻣센,1
노골,1
왓장,1
달착,1
틀려먹다,1
걸핏하면,1
속엣말,1
튕기던,1
화이트,1
물병,1
돌변,1
단번,1
냉정,1
기하,1
짭짤하다,1
재건축,1
방정식,1
아담하다,1
빌라,1
융자,1
솨솨,1
옆방,1
딴사람,1
큰소릴,1
무안하다,1
어정쩡하다,1
살찐,1
능청,1
무화과나무,1
후각,1
뒤엎,1
파운데이션,1
옮아,1
꼬득,1
시긴,1
디,1
유순,1
호적,1
아침밥,1
대학생,1
마누라,1
희끗희끗,1
공무,1
개띠,1
유약하다,1
가족사,1
난이,1
면회,1
타로점,1
덧나,1
뒷다리,1
중병,1
식량,1
폐농,1
승차,1
하차,1
좌초,1
헤진,1
삼립,1
아뿔싸,1
열자,1
강의실,1
교탁,1
힘내다,1
김영란,1
저촉,1
판결,1
청탁,1
구보,1
뉘우치다,1
치렁대다,1
유대,1
날인,1
화산재,1
다라니,1
경비실,1
빨강이,1
버무린,1
무량수전,1
비구승,1
감잎,1
주야장천,1
탁발,1
낭창낭창,1
겨울새,1
달려드,1
분필,1
지시봉,1
필통,1
리모컨,1
전동,1
외계어,1
뷁,1
루주,1
유즙,1
연곡사,1
사춘기,1
혈선,1
광전,1
비로자나불,1
붉은빛,1
오물대다,1
창호,1
간명,1
엉킨,1
굴거리,1
데구르르,1
피난처,1
스님,1
보살,1
법신,1
선경,1
고요함,1
도량,1
모감주나무,1
버팀목,1
밟힌,1
힘줄,1
모세혈관,1
조음,1
울진,1
반절,1
백군,1
묘터,1
천지신명,1
다락방,1
닭벼슬,1
어슷썰기,1
대변항,1
감빛,1
폐렴,1
여객기,1
찻길,1
루프터널,1
변장,1
라라,1
물렁물렁하다,1
이혼,1
차원,1
인턴,1
레지던트,1
전문의,1
상징물,1
야채,1
플루토,1
항공우주,1
우주정거장,1
개막식,1
여부,1
초청장,1
아코디언,1
달팽이관,1
호강,1
땡땡,1
톱날,1
회벽,1
새살,1
식혜,1
쁘랑때랭그랑쁘,1
매웁다,1
농축,1
한달음,1
추슬러,1
심법,1
전수,1
황도,1
판사,1
이행,1
촉구,1
형장,1
신도,1
주재,1
첫돐,1
발노,1
로봇,1
삐꺽삐꺽,1
행보,1
털털,1
툴툴,1
우주인,1
재림,1
샛노랗,1
얄랑,1
색조,1
문집,1
터트,1
십오,1
꼽아보,1
복수초,1
왓,1
누수,1
요양원,1
뇌리,1
끼리끼리,1
청마,1
숙원,1
멸도,1
개체,1
순혈,1
뽑기,1
분쟁,1
말꼬리,1
무당거미,1
흥미진진,1
성선설,1
성악설,1
판례,1
청량하다,1
유채색,1
담즙,1
상현달,1
마모,1
마굿,1
골동품,1
수미산,1
유희,1
무념,1
안데스,1
강냉이,1
몽유,1
교배,1
시점,1
페이,1
버라이어티쇼,1
소백산,1
토막살인,1
살인자,1
아양,1
처벌,1
방청객,1
화장품,1
석고,1
홍옥,1
바스라뜨리다,1
발간,1
서신,1
공동,1
푸른색,1
기본,1
숙지,1
짓밟힌,1
역청,1
도로공사,1
양치식물,1
티라노사우루스,1
타워,1
라이트,1
흑인,1
읊조리다,1
피스톤,1
심박,1
