title,0,1,2,3,4
가을 노트,떠나가다,후,가을,조금,건드리다
가을비 오는 날은,버리다,자정,비,그리움,지나
가을 편지,하늘,칸,비어,보내다,잎
가을에는,가을,일이,여행,떠나다,잠시
가을에는,가을,그립다,가지런하다,떼,구름
가을 들길에서,누구,가을,들다,길,거닐다
가을만이 안다,가을,시인,울다,슬픔,키
가을,파랗다,저리,하늘,호수,아주
가을의 기도,하소,가을,위,기도,낙엽
가을의 시,나룻배,강,기슭,따르다,수면
가을 끝,등불,나무,그렇다,자정,넘다
가을 저녁의 시,누가,죽다,눈,저녁,물
가을서정,하늘,떨어지다,내리다,낯선,거리
가을날,마지막,지금,집,고독,주
가을 편지,가을,편지,낙엽,여자,아름답다
가을,생각,켜다,잠,들다,
가을,낙엽,산봉우리,보내다,편지,물들다
가난한 이름에게,고독,세상,살다,남자,넓다
가난한 사랑노래,가난하다,소리,모르다,눈,버리다
가는 길,흐르다,까마귀,강물,하니,그립다
가슴속에 간직한 사람 하나,마음,모습,흔들리다,붙잡다,살다
가슴속 집 한 칸,집,그녀,칸,손,수도
가슴저린 추억,잊다,몇,그립다,그렇다,만나다
가장 낮은 사랑이 가장 깊은 사랑,가장,낮다,깊다,채우다,가슴
가장 행복한 것은 무엇인가요?,소유,갖다,주다,마음,엄마
가시나무,쉬다,많다,바람,불면,헛된
가끔씩 그대 마음 흔들릴 때는,흔들리다,바람,가끔,마음,그루
가끔씩은 흔들려보는 거야,필요,흔들리다,가끔,눈물,상심
가여워 마세요,말다,버리다,썰물,빠지다,나가다
가지 않은 길,길,길이,두,걸다,길다
간이역의 국수,기차,밤,타고,어둠,저편
갈대,환하다,달빛,갈대,나란하다,소리
갈대,갈대,조용하다,울,모르다,언제
갈대,힘,주다,부러지다,쉬다,빼다
갈망,어떻다,살아가다,전과,향,갈망
"감사해요, 그대 ",내다,나다,소중하다,고맙다,서로
강물,까닭,언덕,서서,강물,모두
강물에 띄워 보내는 추억,이제,시간,흐르다,기억,강물
개여울,개,여울,가도,아주,가지다
거기서 그를 보리니,밤,깊다,밤비,곱다,돌아오다
"겨울 나무, 겨울 숲 ",얼굴,지우다,고프다,해도,겨울
겨울 숲은 따뜻하다,겨울,숲,멈추다,뜻,따뜻하다
겨울 사랑,눈송이,머뭇거리다,서성대다,숨기,그냥
결혼이라는 것,결혼,혼자,애인,맙시,이유
계단,나무,계단,밟다,강변,오막살이
고백,바보,고백,참으로,마음,허망
고백,고백,열,셀때,아홉,한번
고백,편지,그리움,전깃줄,감,전
고독에 관한 간략한 정의,나뭇잎,눈,이야기,아름답다,길
고독하다는 것은,남아,거,소망,삶,그리움
고통받는 사람들을 위한 시,받다,부탁,선물,달라,일
고백성사,돌아서다,생각,해도,마음,아프다
고향,고향,돌아오다,메,쓰다,뇨
공중전화를 보면 동전을 찾는다,공중전화,동전,찾다,마음,이름
공존의 이유,헤어지다,가볍다,웃음,깊이,인생
국화 옆에서,꽃,송이,국화,피우다,울다
굽이 돌아가는 길,길이,길,더,따르다,곧다
귀천(歸天),하늘,돌아가다,빛,손,아름답다
귓전에 속삭이는 은빛 비둘기였으면,좋다,손,바라보다,늘,허무하다
그대 그리워지는 날에는,미소,따뜻하다,줍다,손길,삶
그대는 왠지 느낌이 좋습니다,나다,새,주고받다,작다,좋다
그저 이것뿐입니다,내다,행복,물끄러미,보고,울렁거리다
그래도 사랑이 아름다운 이유,아픔,아름답다,겪다,크다,말다
그대를 사랑함은,함,마음,주다,깊숙하다,흐르다
그리운 이름 하나,이름,그립다,늘,그렇다,내다
그 사람에게선,가장,아름답다,여인,떠나다,슬프다
그런 사람이 있어요,그렇다,하루,충분하다,만나다,따뜻하다
그대는 꽃인양,귀엽다,맑다,아름답다,꽃,인양
그리운 사람이 있다는 것은,그립다,살아가다,기쁘다,얼마나,내일
그대 가슴에 비가 되어,동그라미,멀다,영혼,글,또르
"그저 그립다, 말 한마디 ",세월,밤,인생,먼저,살아가다
그대 앞에 나는,혼자,살다,앞,좋다,온
그대 별 곁에서,반짝이다,별,조금,개,라면
그대 가는 길,간,몇,밤,길,울음소리
그대를 마음의 말로 사랑한다함은,말로,함,얘기,인간,대다
그대가 있어 나는 행복하다,행복하다,바라보다,전부,이기,세월
그대를 떠올릴 때면,나르다,떠올리다,행복감,두려움,늘
그리움은 영원할 수 없습니다,떠나다,동반,혼자,이별,비록
그에게 자유를 드리겠습니다,문득,불안,다짐,새,훌쩍
그대를 사랑하오,오,이오,자신,만들다,놓다
그대에게 필요한 사람,이겠다,많다,배우다,원하다,이의
그리우면 그리운 대로,이제,애쓰다,그냥,대로,그립다
그리움도 화석이 된다,시간,지층,허물,저녁,비
그리움은 돌아갈 자리가 없다,버리다,넘다,산,강,집
그대가 나를 사랑하신다면,나르다,지금,시오,주다,마음
그대 있음에,음,나르다,불다,해,손잡다
그대의 별이 되어,일이,눈,귀,물이,별
그대가 별이라면,라면,옆,뜨다,작다,별
그대 어디로 가는가,어디,찾아가다,닿다,거슬러,밤
그대가 있기에 외롭지 않아요,낮,밤,존재,느끼다,비록
그때가 그리운 것은,서로,잊다,눈밭,이제,눈
그저 친구라는 이유로,친구,생각,모르다,모습,눈
그대 없기에 더 이상 나도 존재하지 않는다,만들다,나무,새,나르다,지금
그리운 시냇가,반,웃다,아기,낳다,하리
그리운 폭우,나룻배,낡다,차다,칡꽃,뒤
그리운 별 하나,그립다,그리움,놓다,홀로,가슴
그대 앞에 나는,혼자,살다,앞,좋다,온
그대를 위한 사랑,고독,쓸쓸하다,위,치,잊다
그대의 사랑이 될 수만 있다면,수만,남다,겨울,마르지,생애
그리운 바다 성산포,살다,섬,성산포,고독,달
그대의 마음,눈물,노래,흐르다,웃다,거울
그대를 알고 지내온 여러 날 중에,생각,여러,온,중,떠나다
그대 창가에,곁,창가,그림자,드리우다,진실
그대를 사랑하네,단,주다,내다,소망,삶
그렇게 사랑할 수 있다면,버리다,나르다,다시,얼마나,힘드다
그대는 사랑입니다,이유,완성,부르다,일만,일
그대 그리고 나,버리다,절실,우린,요구,만큼
그 무엇도 우리를 갈라놓을 수는 없습니다,깊다,떨리다,처음,순간,천
그대에게 닿는 법,그리움,눈높이,타,버리다,재
그대 슬픈 날이면,나다,흐르다,따르다,문득,바람
그대 힘들고 지칠 때,자신,걸다,살다,힘들다,지치다
그리움에 대해,시간,별,많다,뒷모습,슬프다
그리운 그대여,보고,그립다,일,목소리,웃음
그대 안에서 살기를 원해요,살기,화답,도피,멈추다,더
그대에게 하고픈 말,더,좋다,나르다,희생,느끼다
그 슬픔을 안다,곁,해주다,슬픔,자다,앉다
그대 미소만큼 소중한 건 없어요,비,갠,후의,햇살,기분
그대의 날,오늘,서다,어디,여기,가난하다
그대와 나는,보지,별,고요한,산,호수
그대에게 띄우는 편지,오늘,줄곧,행복하다,날다,하루
그대는 특별한 사람,생각,고향,지나가다,일,떠올리다
그대는 나의 일부,살아가다,일부,데,꼭,필요하다
그대가 없으면 나도 없습니다,여야,세상,허락,해도,이유
그대를 너무 사랑하기에,두려움,느끼다,괜찮다,두렵다,인지
그대를 너무 사랑하기에,마음,버리다,모르다,살다,그립다
그대 어디에 가든 그대 무엇을 하든,느끼다,두렵다,요,주다,거
그대가 나의 사랑이 되어준다면,길,인생,모두,걸,고서
그대는 나의 전부입니다,붉다,석양,전부,꿈,살
그대를 사랑하기에 나는 오늘도 행복합니다,인생,행복하다,차다,마음,행복
그리워 돌아보아도,마음,하늘,별,묻다,꺼내다
그냥 당신이기에,홀로,시간,두렵다,삶,힘들다
그리움에 빛깔이 있다면,그리움,테,하얗다,바라보다,이름
그 사람에게,도야,아름답다,하늘,밑,쓸쓸하다
그 다음 이야기,이름,버리다,다가서다,흐르다,추억
그대가 그립다,구름,눈,금방,바람,불
그대와 함께 있을 때,모습,한층,더,좋다,그것
그대와 나,라면,나룻배,새벽,나그네,하늘
그대 내게 아픔이어도 좋다,아픔,내다,좋다,일,아프다
그대가 있다는 이유만으로도,세상,이유,살아가다,더없이,존재
그날,꽃,시들다,아름답다,계절,이기
그대 앞에 봄이 있다,일,낮다,파도치다,바람,불다
그런 이름,아끼다,듣다,그렇다,오래오래,매끄럽다
그대 가까이,들다,기다림,길어지다,원망하다,생각
그 사람을 그대는 가졌는가,가지다,세상,길,놓다,온
금잔디,금잔디,잔디,심심,산천,봄빛
금강,강,강가,낯설다,두렵다,금강
긍정적인 밥,생각,시집,이면,마음,따뜻하다
기도,하소,앞,살,마음,가슴
기쁨만 준 사람,준,내다,고통,기쁨,법도
기차는 간다,그립다,몸,기차,밤꽃,지고
"기억하라, 사랑하는 이가 있다는 것을 ",그때,기억,하라,버리다,홀로
기회를 드립니다,나르다,그대로,걱정,허물,보여주다
기다림,임,기다림,마음,병,떠나다
기다림,설레다,연화,리,시편,이르다
기다림,기다리다,기다림,필요하다,시간,비
기다림,오시,길,멀다,천,년
기다림의 시,는가,기울다,그믐달,새벽별,사이
기다리는 마음,황새,나다,살,님,잃어버리다
기다리는 마음,불다,주오,기다리다,소리,뜨다
"기다림, 여러 날 후 ",길어지다,키,다시,전주,그때
길 떠나는 그대여,길,떠나다,홀로,멀다,마음
깊은 우물,슬픔,묵다,바닥,가슴,두레박
길들여진다는 것은 이미 죽어가고 있다,나르다,다시다,더,죽다,어렵다
까닭없는 눈물,눈물,슬픔,하루,그리움,까닭
꽃,이름,불다,꽃,주기,전
꽃,위,눈물,방울,노래,그것
꽃,울다,체념하다,터지다,나오다,슬픔
꽃비의 이름으로,린다,바람,꽃비,불다,벚나무
꽃으로 잎으로,세상,살,뭐,꽃,잎
꽃을 드리는 이유,정말,여기,천국,끝,거나
꿈꾸듯 밀려오는 그대 생각,하루,낯,익다,오늘밤,문득
꿈길에서,만나다,잔잔하다,물,위,물방울
꿈을 꾸고 싶다,꿈,꾸다,오늘밤,절대로,떼쓰다
꿈의 페달을 밟고,꿈,마음,달,차오르다,쌓다
나 그대를 사랑하는 까닭은,까닭,준,아무,자유,내다
나 그대의 풍경이 되어 주리라,주리,위,낙엽,풍경,눈
나의 사랑은 나비처럼 가벼웠다,나비,거울,불꽃,세다,불빛
나의 전부,일,마음,살다,죽다,비록
나무도 사람 같아서,나무,자라다,마음,가지다,받다
나는 변하고 있습니다,감정,새롭다,변하다,더불다,젠
나이 서른에 우린 어디에 있을까 2,나이,서른,우린,어떻다,어디
나는 압니다,자신,차지,수가,아무,소유
나는 물의 마을을 꿈꾼다,몸,물,비키다,출렁이다,꿈
나 일찍이 너를 사랑했었네,지금,일찍이,어쩌면,감추다,불씨
나는 너에게 무엇인가,세상,운명,아침,떠나다,어쩌면
나뭇잎 배,배,나뭇잎,강,길목,매일
나는 알고 있습니다,나르다,만들다,오늘,기쁘다,살
나의 모든 것,드리다,기도,이름,부르다,명상
풀잎이 아름다운 이유,바람,향기,풀잎,흔들리다,아름답다
나도 모르게 당신께 익숙해진 것을 알게 되었습니다,아무렇다,보답,되새기다,경이,로움
나를 사랑하는 당신에게,아주,어리다,적,인생,만나다
나는 가끔,가끔,하늘,기다리다,이루어지다,니
나는 이런 사람이 좋더라,좋다,마음,가지다,다른,자기
나무,나무,숲속,제일,키,처음
나그네,술,익다,마을,구름,달
나 대신 꽃잎이 쓴 이 편지를,대신,촉촉하다,향,부치다,써다
낙화,가야,결별,제인,가르다,분명하다
난 많은 것을 알고 있다,그녀,두,지금,전,항상
난 알았습니다,전,고백,무척,놀라다,혼자
날마다 하늘이 열리나니,팔이,굽다,어찌,등,뒤
남으로 띄우는 편지,봄볕,푸르다,겨우내,엎드리다,볏짚
내가 사랑하는 너는,좋다,친구,서로,가슴,나란하다
내가 너를 사랑하는 이유,이유,마음,더듬다,어보,만난
내가 사랑할 사람은,단,배우다,진정,무수,만남
내 모든 것을 나누고 싶습니다,편지,다시,읽다,이렇다,어제
내 하나의 사람은 가고,슬프다,하늘,젠,누가,살다
내가 여전히 살아가야 하는 이유,그리움,그립다,일,잊다,자기
내가 만일 애타는 한 가슴을,만일,달래다,삶다,정녕코,헛되
내 사랑은,그녀,장미,피다,정원,꽃
내 그대를 사랑하기에,설레다,마음,밤,속삭이다,나르다
내가 여전히 나로 남아야 함은,소망,많다,까닭,끝없다,기다림
내 눈물의 의미,눈물,그렇다,이유,사람과,울다
내 안에 살고 있는 그대에게,먼저,태양,존재,떠오르다,마음속
내 고운 사람에게,가지다,이기다,깊다,눈,슬프다
내가 사랑하는 사람에게는,꼭,이렇다,살다,동안,모습
내 마음의 절반,연극,주인공,삶,마음,그리움
내 마음과 영혼을 그대에게 드려요,드리다,인생,그날,행복,일부
내 마음속의 산,마음속,커다랗다,산이,생기다,푸르다
내 사랑은 그대의 것입니다,내다,그것,것임,마음속,시간
내가 지금 당신을 사랑하는 것은,어떠하다,바로,나르다,더욱,만들다
내 사랑 멈출 수 없어요,마음,멈추다,흐르다,추억,간직
내 사람아,좋다,차다,사람인,몹시,보이다
내 마음은 그대를 향합니다,비,기다리다,서서,마음,젖다
내게 당신의 사랑이 그러하듯이,심다,어르다,세월,씨,뿌리다
내게 당신의 사랑이 그러하듯이,울음,바다,좋다,닮다,눈물
내 안의 당신,묻다,나르다,암만,사라지다,갈수록
내가 지금 이렇게,보내다,지금,내다,진정하다,잊다
내 마음으로 들어오라,담,마음,칸,내다,어느덧다
내가 만난 사람은 모두 아름다웠다,하루,이별,잎,위,세상
내 마음은,마음,주오,나그네,호수,희다
너에게 띄우는 글,이기,친구,주다,만남,의미
너의 하늘을 보아,하늘,힘들다,보아,자꾸,쓰러지다
너를 보내고,보내다,나르다,사라지다,하늘,나다
너를 사랑하는 이유,그리움,이유,접다,그림자,슬픔
너를 위하여,눈,위,준,밤,기도
너를 기다리는 동안,기다리다,동안,가슴,일,문
너무도 사랑하기 때문에,차라리,걸,그렇다,지금,모르다
너는 한 송이 꽃과 같이,귀엽다,송이,꽃,그다지,예쁘다
너를 알고 난 후,버리다,생각,비우다,래야,그리움
너를 생각하는 것이 나의 일생이었지,생각,보고,모래알,풀잎,세상
너의 그 말 한마디에,해,맑은,눈,들여다보다,온갖
너와 나,잊다,괴롭다,서로,맺다,나다
너를 만나고 싶다,만나다,그렇다,이해,다치다,용납
너의 또 다른 의미,까닭,의미,내겐,생각,해보다
너에게로 다시,오,붉다,바닷물,버리다,하리
너의 가슴에 나의 가슴에,샘물,가슴,고인,일,넘치다
너를 위한 노래,얼음,생각,위,서로,믿다
너의 이름을 부르면,울음,울다,이름,부르다,울
네가 그리우면 나는 울었다,떠오르다,스스로,법,불,배우다
네 생각 그 하나에,재우다,돌아서다,손시,린,돌
네가 없는 세상은 참 춥구나,친구,누가,지금,서성이다,황폐
네게,마음,길,늘,자리,세상
노래를 불러드릴까요,노래,불다,드릴,끄다,아주
노래,낭,한마디,강,서다,저리
노을의 집,노을,사실,기다리다,저녁,지나가다
노란 꽃,꽃,이름,바람,산,노랗다
농담,더,문득,아름답다,마주치다,지금
누구나 혼자이지 않은 사람은 없다,혼자,일,그렇다,누구,마음
누군가에게 무엇이 되어,내다,해달라다,말다,눈,보지
눈앞에서 먼 당신,살다,눈앞,멀다,늘,밤
눈물 속에 피는 꽃,거,믿다,나르다,그렇다,일생
눈물을 흘릴 때,흐르다,가슴,눈물,눈,더
눈물 한 방울,흐르다,떠오르다,유리창,타고,빗방울
눈이 내려 세상에 쌓이듯 내 사랑이 그대 마음에 닿을 수 있다면,마음,좋다,눈,세상,생각
눈빛 속 향,향,그녀,눈빛,향기,눈
눈길,눈길,걸다,아주,떠나가다,눈
느낌이 좋은 사람이 다가올 때,느낌,좋다,사람과,만나다,아름답다
느린 달팽이의 사랑,달팽이,멀다,기어,간다,몸
늙어가는 아내에게,그냥,살다,병,정말,그렇다
님의 침묵,님,만날,떠나다,아아,꽃
님의 노래,들다,님,노래,그립다,귀
다시 첫사랑의 시절로 돌아갈 수 있다면,더,길,자주,첫사랑,끝
다음엔 이 다음엔,차마,잊다,그냥,웃음,자리
다른 사랑을,살아가다,모르다,애쓰다,아주,관계
다시 태어나도 그대를 사랑하리,울다,다시,태어나다,나르다,준
다시,자신,희망이,좋다,희망,찬
단추를 채우면서,단추,채우다,잘못,걸,채운
달콤한 인생,눈,희다,막걸리,어머니,눈발
달팽이의 사랑,기다,달팽이,얼마나,몸,집
닮은 꼴,닮다,눈,끝없다,느낌,꿈
당신을 사랑합니다,만들다,그대로,나다,모습,더욱
당신을 어떻게 사랑하는냐구요?,로써,어떻다,늘다,헤아리다,비록
당신을 사랑할 거예요,수만,거,꿈,꿀,생각
당신이 날 사랑해야 한다면,오직,위,줄다,생각,말다
당신을 생각할 때,생각,가장,살다,순수하다,슬프다
당신을 생각합니다,생각,나르다,보름달,뜨다,달
당신은 아름다워요,아름답다,방바닥,털,앉다,양말
당신께 편지 쓰는 날이면,문,편지,쓰다,날다,언제
당신의 뜰 안에,밤새,기다리다,체온,뜰,켜다
당신이었으면 좋겠습니다,좋다,사이,부드럽다,창가,촉촉하다
당신을 사랑하기에,힘드다,길,돌아서다,다가서다,고독
당신께서 무엇이 되시건,모습,실망하다,어떻다,편견,어리다
당신을 만나기 전에는,정말,으리,꿈,안다,기쁘다
당신 생각에,얼마나,전,생각,오늘,시작
당신을 사랑합니다,주다,삶,해주시,해주다,나날
당신이 나를 어떻게 생각하는지,바치다,내다,대해,얼마,남지
당신이 누군가를 필요로 할 때,멀다,좋다,이기,빌어,만약
당신을 사랑하겠습니다,수만,꿈,꿀,생각,기억
당신을 그렇게 사랑합니다,잊다,헤어지다,음,앞,울면
당신을 사랑했습니다,때론,마음속,불타다,인하다,더
당신,뜨다,오후,무지개,아이,후
당신이 슬플 때 나는 사랑한다,꽃,피다,피어,하리,산
대숲 아래서,차지,구름,몰다,대숲,소리
더 깊은 눈물 속으로,바다,흐리다,나가다,눈물,시간
더욱더 조그만 사랑 노래,달려가다,꽃잎,연못,모퉁이,나무
돌담에 속삭이는 햇발,하늘,돌담,속삭이다,햇발,풀
동천(冬天),마음,님,곱다,눈썹,문
동행,때로는,두,아득하다,길,걸어오다
되돌아가기,다시,거,자리,나다,이제
되돌이표,몇,시계,바늘,바퀴,되돌리다
두 사람,길,불다,세우다,자전거,두
둘을 위해서 하나는 버려야 합니다,만나다,믿다,공간,그렇다,생각
둘이서 하나이 되어,둘이서,두,놓다,가슴,손
들은 이야기,헤어지다,세상,살,반의,견우
등돌린 사랑조차 아름다운 건,등,돌리다,아름답다,모르다,내다
등나무 사랑,등나무,향기,지붕,하리,겹
따뜻한 마음,마음,손,따뜻하다,곁,이유
따뜻한 편지,편지,보내다,내다,꽃,지상
딱 한 사람,나르다,다시,세상,향,불평
때론 사랑이란 것은,내다,얘,동생,조카,주다
떠나와서,떠나오다,그립다,강물,헤어지다,나서다
또 다른 고향,백골,밤,어둠,울다,고향
마음속의 사람을 보내며,마음속,마음,누군가,이제,보내다
마음,물결,물가,밤,마음,고요한
마음,닦다,가장,자리,아침,저녁
마음 물들이기,빛깔,누,이르다,해,무어
마음에 핀 민들레,미련,민들레,라면,바람,타고
마지막임을 알았을 때,마지막,슬프다,차다,도,믿다
마지막 편지,최선,더,이상,내다,다해
마지막 사랑,멀리,되돌아오다,길이,바람,아주
만남의 소중함,기억,시간,지나다,하루,한계
만남을 소중히 여기는 사람,래야,행여,테,요,사람과
만남을 위한 초고,만나다,그렇다,얘기,가지다,잔
말없는 시선으로,별다르다,시선,전,표정,나르다
맘 켱기는 날,오시,맘,켱기,어느덧다,해도
먼 별,이제,너머,하리,잊다,미움
먼길 가는 두 사람을 위하여 1,가운데,가장,빛나다,누가,곱다
멀리 있기,멀리,나르다,꽃,뿐이다,슬프다
멀리 있는 사람이 가슴으로 더욱 가깝다,아름답다,마음,움,멀리,더욱
모든 것은 기도에서 시작됩니다,쉬다,달래다,일,가정,멀리
모든 순간이 꽃봉오리인 것을,더,그때,노다지,모르다,순간
모란이 피기까지는,모란,봄,테,피기,기다리다
모래 시계,돌아가다,성,머물다,다시,가버리다
목마와 숙녀,목마,소리,떠나다,술병,죽다
못잊어,잊다,생각,나다,그렇다,대로
몽상가의 사랑,좋다,별,하늘,바다,
무지개를 사랑한 걸,걸,새기다,길이,무지개,후회
무지개를 위하여,영혼,가슴,적,인지,어디
물망초,잊다,주어,물망초,기억,나야
민들레 꽃씨들은 어디로,바람,날다,보내다,민들레,꽃씨
민들레,꽃,잊어버리다,잠시,황홀하다,모진
바람부는 날에는 너에게로 가고 싶다,흐르다,흙,바람,불다,잔잔하다
바람 부는 날,더욱,지하철,타고,일보,괴롭다
바람꽃 앓이,떠나다,뽀오얀,바람꽃,멀리,먼저
바람결의 속삭임,향기,스치다,바람결,낯,익다
바다,서러움,내다,물,걸다,아무
바다가 그리울 때,바다,그립다,걸음,앞,일이
바다는 지금,바다,슬픔,가슴,하늘,겨울비
바보 같은 독백,자고,서럽다,살,이제,모르다
발왕산에 가보셨나요,누구,드럽다,용평,발,산
발자국,발자국,하늘,누가,밟다,진흙
발자국,발자국,흔적,바닷가,고요한,사장
밤기차,둥,의자,달리,추억,날뛰다
밤 편지,걸다,마을,잊다,늦다,밤
밤은 천 개의 눈을,천,개,눈,가지다,단
배꽃,산,황토,자락,배꽃,연분홍
백지,점,찍다,어디,마음,계시다
백합,마음,골짜기,백합,송이,피어
백치 애인,바보,모르다,백치,애인,나르다
벼랑끝,마음,벼랑,끝,바라보다,걸다
별,별빛,바다로,파도,강물,내리다
별에 대한 서정,별,그립다,마음,아름답다,몰래
별을 잃어버린 나,별,어리다,손,갖다,적
별을 쳐다보며,발,땅,딛다,별,쳐다보다
별,머리칼,별,얼마나,아름답다,지니다
별,별,돼다,어떻다,떠나다,가슴
별이 되었으면 해,해,별,게로,지나다,화려하다
별 헤는 밤,별,이름,까닭,어머니,위
보고 싶은 친구에게,친구,해,저물다,그리움,보고
보고 싶은 마음,바꾸다,휴대폰,산,지내다,동안
보여줄 수 있는 사랑은,보여주다,아주,작다,뒤,숨다
봄,시내,돌,봄,혈관,흐르다
봄눈,눈,길,서서,전이,던
봄날은 간다,부끄럽다,쓰다,글,썩다,세상
봄을 기다리는 마음,봄,끼리,손,볼,기다리다
봉숭아 꽃물,꽃물,작다,말다,잡다,슬프다
분수,하늘,분수,앞,정원,그날
분홍강,강,분홍,눈물,모이다,웃음
비,젖다,흐르다,비,얼굴,비다
비,비,좋다,내리다,밤,창밖
비가,비,흩어지다,멀다,내리다,방울
비누,비누,씻다,걸,믿다,나다
빈집,자다,잃다,쓰다,짧다,밤
빗물 같은 정을 주리라,빈,손,나다,주다,말다
빗소리,비,밤,뜰,위,속삭이다
사랑 그대로의 사랑,얼마만큼,사랑스럽다,모습,담기다,느끼다
사랑하는 까닭,까닭,다른,마는,홍안,백발
사랑한다는 건,일이,세상,가슴,비,여름
사랑하는 별 하나,별,주다,갖다,나다,쳐다보다
사랑,좋아하다,외롭다,우정,고,이르다
사랑이란 이름 그 하나로,이름,하나로,가슴,살다,슬프다
사랑보다 소중한 건 사랑하는 마음입니다,마음,바라보다,건네다,별,뿜어내다
사랑은 조용히 오는 것,조용하다,눈,뿌리,외롭다,여름
사랑법,떠나다,자,잠들다,대하,쉬다
사랑은 집착이 아닙니다,집착,기도,마음,쉽다,시간
사랑하고 싶다,눈,사랑스럽다,아름답다,남,미워하다
사랑을 위한 충고,말다,자다,좋아하다,눈물,냉면
사랑법 첫째,기대,돌,덩이,매달,놓다
사랑을 위한 향두가,흐르다,멍에,날개,강물,세상
사랑의 말,버리다,아침,단잠,깨우다,눈부시다
사랑하는 사람에게,적,오지,실망,만나다,약속
사랑,거,스스로,자신,자유,잃다
사랑의 또 다른 이름,그리움,삭이다,자신,거,세월
사랑은,안다,봄,기다리다,겨울,이기
사랑하는 것은,세상,가장,창,여,들어가다
사랑이란,듣다,사람인,작업,부르다,자기
사랑하는 마음 내게 있어도,마음,사다,슬프다,모진,내다
사랑의 느낌,가장,슬프다,온,세상,헤매다
사랑하는 이가 있다는 것을,그때,기억,일,친구,전
사랑의 상실,잃어버리다,세상,지배,이제,대해
사랑이 슬픈 또 한가지 이유,전화,새,책장,넘기다,글
사랑은,전,누가,노래,종은,리기
사랑할 때 너무나 사랑할 때,누군가,아픔,기쁨,슬픔,먼저
사랑하게 하십시오,달,은은하다,호숫가,외롭다,조약돌
사랑의 시작,착각,지금,옛날,벌,무게
사랑은 끝없는 선택입니다,선택,생명,앞,음,축복
사랑하는 이유,대한,그리움,가슴,흘리다,눈물
사랑하는 이 있으면,잊다,버리다,잔잔하다,바다,가슴
사랑의 기도,마음,법,배우다,타인,아무
사랑은 믿음,믿음,약속,세상,끝,해주다
사랑은 수수께끼,선물,지키다,표현,강요,영원하다
사랑보다 큰 선물은 없습니다,살아가다,곁,가슴,쉽다,이해
사랑하기 때문에,주다,행복하다,인하다,누가,먼저
사랑의 노래,불덩이,대한,몸,저녁,노을
사랑,명,중,백,열,단
사랑을 아는 너는 눈부시다,빛나다,하늘,시간,비추다,빛
사랑 이후,밥,먹다,땐,생각,머리
사랑할 날이 얼마나 남았을까,얼마나,남다,길,남아,시간
사랑하는 사람이여,편하다,쉬다,곁,라면,지키다
사랑하는 그대에게,실어,밤하늘,오,별,사연
사랑의 가장 좋은 순간,가장,좋다,순간,고,침묵
사랑의 빛,스스로,빛,보이다,세상,진리
사랑만이 희망이다,하늘,잊다,말다,세상,희망
사랑하기에 좋은 당신을 사랑합니다,좋다,편하다,사귀다,나이,부르다
사랑은 끝이 없다네,끝,어떻다,많다,가슴,흐르다
사랑일기,위,요,쓴다,세다,돌아오다
사랑하게 하소서,하소,가지다,땅,아주,작다
사랑하게 하소서,밤,하늘,별도,만나다,전
사랑한 후에,새다,절벽,위,다시,기도
사랑의 존재,님,거치다,존재,그것,수가
사랑의 슬픔,슬픔,순결하다,온통,사로잡히다,마음이여
사랑하면,이별,어쩌다가,서로,그립다,려니
'사랑해'라는 말,세상,말다,살아가다,살다,사연
사랑니,슬픔,오래되다,힘,이제,더
사랑굿 1,압니,아픔,버리다,래야,얻다
사랑의 허물,아래,마음,헤어지다,태어나다,나이
사랑,풀,여치,마리,앉다,생각
사랑의 기준,달콤하다,강렬하다,두,느끼다,기준
사랑을 담는 그릇,가득,더,담다,그릇,항상
사랑이란,잔잔하다,강물,표면,거,세다
사랑은,어렵다,말다,골병,들다,뼈
사랑은 세상을 바꾼다,마음,가엾다,보고,연민,정이
사랑가,길다,가슴,손톱,모르다,세상
사람 하나 만나고 싶다 1,만나다,살,어둑하다,겨울,거슬러
사람 하나 만나고 싶다 2,나르다,살,건지다,누군가,자리
사람 하나 만나고 싶다 3,전,가슴,망가지다,세상,물들다
사람 하나 만나고 싶다 4,이렇다,하루하루,살다,힘겹다,자꾸만
사람이 그리운 날엔,촛불,살,그립다,켜다,세상
사람들의 섬,섬,떠나다,그냥,떠나가다,푸른
사과벌레의 사랑,사과,통로,소리,내리다,누군가
사막의 사랑,모래,일도,받다,일,힘
사모,잔,위,미우다,다해,정작
사월의 노래,노래,마음,골짜기,불다,사월
사평역에서,몇,불빛,모두,눈,쌓이다
산수유 나무 아래서,시간,꽃뱀,마리,물,어디
산유화(山有花),꽃,산,피,지네,갈다
삶,잎새,일이,바람,바라보다,물이
상처에 대하여,꽃,상처,향기,누,이의
새들은 비오는 날에도 높이 난다,새,비다,더,높이,강
새,새,외롭다,살다,마리,일도
새,라일락,꽃,향기,아름답다,늘
새로운 길,길,건너다,숲,고개,넘어서다
새벽 편지,새벽,위,깨어나다,반짝이다,별
새벽 강,강,새벽,데리,하얗다,다발
샘,밤,깊다,새벽,이면,샘
생일,마음,찾아오다,줄다,놓다,새
생명,몸,생명,추다,겨울,멀다
생각이 사람을 만든다,생각,생,지나,뭐,은
샤갈의 마을에 내리는 눈,샤갈,마을,눈,삼월,사나이
샤갈의 마을에 내리는 눈,잊다,아침,그리움,밤,서로
"서른, 잔치는 끝났다 ",걸,술,운동,노래,대체
서시(序詩),죽다,바람,별,하늘,우러러
서시,마을,가깝다,나무,흠집,많다
선운사에서,더,꽃,잠깐,틈,잊다
선물,드리다,아침,마음,원하다,또한
선천성 그리움,심장,그립다,품,안다,오른쪽
섬,섬,사이,,,
성북동 비둘기,성북동,번지,비둘기,평화,산
성숙한 사랑을 위해,노력,받다,마음,버리다,삶
세상에서 가장 아름다운 시,가장,아름답다,시가,떠오르다,세상
세상에서 가장 멋진 그림,그림,물,보고,양동이,동그라미
세월이 가면,이름,잊다,가슴,나뭇잎,지금
소망,흔하다,미소,어색하다,웃음,간직
소녀,장미,백합,비둘기,태양,일
소년,들다,소라,도시,바다,소리
소중한 것은 떠난 뒤에 남는다,떠나다,남다,삶,곳간,소중하다
소나기,소나기,속이다,얼마나,자신,참다
소망,소망,더,의미,가슴속,줄기
속마음,아무,가슴,침묵,분위기,늘
속리산(俗離山)에서,산,더,높이,오르다,길다
손으로 붙잡듯이 심장으로,주오,잡다,심장,머리,눈
손으로 붙잡듯이 심장으로,제일,세상,아름답다,슬프다,아프다
순간,찰랑이다,햇살,늘,곁,날개
숨은 사랑,치다,사무치다,마음,자다,마지막
쉽게 씌어진 시,창,밤비,속살거리다,첩방,남
슬픔이 나를 깨운다,슬픔,나르다,깨우다,노래,해주다
슬픔,슬픔,나르다,모르다,영혼,어리다
슬픔,보아,꿈,꾸다,슬프다,세상
슬픈 날,극히,부임,느끼다,슬프다,전부
슬픔에게,슬픔,반갑다,맞다,고단,기억
슬퍼할 권리,울,권리,남,눈물,많다
시간이 덜어주지 않는 슬픔은 없습니다,슬픔,누군가,어딘가,시간,이제
시(詩),시,좋다,몸,입,구르다
시장에서,살다,재밌다,아아,둘러보다,그렇다
신세대 사랑법,물건,이면,좋다,테,그리움
십자가,십자가,쫓아오다,햇빛,지금,교회당
썩어야 사랑이지,나르다,죽이다,지고,살아가다,썩다
쓸쓸한 날의 비가,마음,겨우,돼다,님,비다
아름다운 사람을 만나고 싶다,만나다,마음,아름답다,오늘,삶
아름다운 사람이 되고 싶다,가슴,띄우다,향기롭다,이름,제일
아름다운 사람,아름답다,생각,해도,가슴,사람과
아름다운 사람,더,아름답다,마디,대해,말장난
아름다운 사람,나무,바라보다,아름답다,지상,머리
아름다운 사람,그늘,세상,주다,의하다,공기
아름다운 만남을 기다리며,보이지,일,아름답다,나름,서로
아름다운 그리움,기다리다,그립다,기억,반,가슴
아름다운 여행,노랗다,민들레,마음,길,봄
아름다운 동행,아름답다,등불,가난하다,마지막,오늘
아직과 이미 사이,좋다,절망,를,보아,들다
아직도 내게 사랑이 있다면,버리다,내다,심다,바람,더
아도니스를 위한 연가,골목,바람,흔적,상처,인생
아침 같은 사랑,닮다,마음,키우다,아래,보이다
아버지의 사진기,사진기,나오다,길,여자,인화
안개꽃,꽃,조용하다,하얗다,뒤,호숫가
약속 들어주기,약속,들어주다,생각,해주다,꼭
어딘가에서 나를 기다리고 있는 한 사람을 생각합니다,이별,만남,감추다,망각,아프다
어린 솔잎,솔잎,어리다,높이다,왕성,자신
어긋난 사랑,아프다,연습,가버리다,남겨지다,홀로
어떻게 사랑하게 되었냐고 묻기에,시작,어떻다,그것,내다,묻다
어머니,몸,견디다,만,인생살이,세상
언제나 기억하세요,이르다,순수하다,그것,절대,또한
언제나 한결같은 마음으로,하소,마음,그것,믿음,한결같다
언제나 당신이 나만을 생각한다면,생각,진실,라면,서로,비록
얼음 풀린 봄 강물,얼음,풀리다,봄,강물,꽃
엄마야 누나야,엄마,누나,강변,살다,뜰
엄마,눕다,꽃,피다,솔바람,불다
엄마 무릎,엄마,귓밥,들다,무릎,놓다
엄마가 휴가를 나온다면,엄마,하늘나라,계시다,하루,휴가
여로,주오,소녀,묻다,전해,찾아오다
여승,여승,바람,얼굴,뒤,밖
여름 가고 가을 오듯,여름,가을,해,지고,달이
연인도 친구가 될 수 있을까?,그녀,좋다,친구,이별,거
연애편지를 쓰는 밤,기쁨,꽃,고통,시들다,믿다
연하 카드,커튼,사물,시절,어떻다,부분
엽서 1,저물다,산,님,바람결,다녀오다
오로지,방울,눈물,맺다,마르다,필요하다
오직 그대만,부분,그것,모습,다른,결코
오랜만에 쓴 편지,구름,편지,많다,지나가다,쓸다
온다던 사람 오지 않았다,오지,울,밤,열차,빈
온전한 사랑,주어,아깝다,모두,결코,이기
완행열차,일이,모르다,뻔하다,듯이,급행열차
외로운 영혼의 섬,마음,숨다,외롭다,영혼,섬
외사랑,그리움,외쪽,저리,더,많다
외투,곁,공간,낯선,외로움,깊이
우리들의 가장 어두운 자리에,심다,가장,자리,꽃,바람
우리가 사랑이라 부르는,격정,마음속,고요하다,삶,들어오다
우리들 마음속에,빛,마음속,따스하다,세상,하늘
우리의 아름다움입니다,아름답다,한계,움,말다,그것
우리 서로에게,신,서로,나오다,다르다,그것
우리,서로,영원하다,죽다,젠,생각
우리는 누군가에게 소중한 사람입니다,누군가,소중하다,일,걸,고개
우리는,자꾸만,마음,우체통,흔들다,대다
우리의 사랑,젠,잠들다,안되다,다시,얼다
우리 사랑에는 끝이 없음을,더욱,계속,지금,내일,아침
우리가 물이 되어,흐르다,만나다,나무,우르르,소리
우리 살던 옛집 지붕,집,바다,강,별,지붕
우정은 가장 위대한 사랑,가장,더,주다,우정,위대하다
우정,말다,요,나란하다,앞서,가지
우정,친구,서로,나누다,행복,우정
우화의 강 1,물길,만나다,강물,서로,좋아하다
우울한 샹송,우체국,찾다,웃다,위,가면
우연히,볼,앞,어두컴컴하다,극장,앉다
운명,이렇다,이제,필요,운명,절
울음,울,슬픔,밀다,때로는,어떻다
유리창에 이마를 대고,유리창,이마,대고,이름,불다
은행나무,누군가,위,놓다,우산,깃
의심하지 말아요,얼마나,거,지금,요,생각
이런 사람이면 좋겠습니다,좋다,마음,자신,이면,아름답다
이제 사랑이 보이기 시작했어요,땐,처음,외모,두,성격
이렇게 사랑하기를,예쁘다,느끼다,하소,빛나다,눈
이 세상에서 가장 아름다운 사람은,세상,가장,꿈,아름답다,모르다
이 순간,순간,사실,얼마나,별,쳐다보다
이기적인 슬픔을 위하여,삶,내다,살다,요,먹다
이렇게 세상이 아름다운 것은,다시,너희,봄,잎,새싹
이름 없는 여인이 되어,밤,산골,조그만,들어가다,이름
이별연습,연습,하소,슬프다,이별,헤어지다
"이제 누굴 위해 부를까, 내 사랑의 노래를 ",이제,별,어디,마음,등
이별을 하느니,이별,차라리,리오,산,얼마나
이별 이후,일이,달력,슬프다,옛날,잊다
이제 우리가 사랑한다는 것은,일,이제,서로,외롭다,기다리다
이별 이후,매일,얼굴,보지,동네,마을
이별의 말,설령,그것,마지막,기다리다,달라
인생무상,붙잡다,물어,님,연극,인생
인연,오,그렇다,파꽃,피다,젖다
인연설,안개꽃,싸락눈,작별,피다,내리다
임진강가에 서서,얼굴,강물,미워하다,마음,임진
임께서 부르시면,가오리,임,부르다,봄,하늘
임 오시던 날,문,닫다,죽죽,울다,임
잊었다는 말은 가벼운 목소리로 해야 한다,가볍다,잊다,목소리,위,꽃
잊는다고 잊혀질 일이라면,잊다,잊혀지다,라면,인연,아픔
잊자,잊다,음,누군가,그립다,미워하다
자화상(自畵像),사나이,돌아가다,우물,들여다보다,달이
자화상,울음,창문,끝,슬픔,무너지다
자전거,자전거,여자,그녀,생각,좋다
작은 집 하나 짓고 싶다,작다,집,그렇다,갖다,짓다
작은 기도,하소,일도,눈,멀다,찾다
작은 행복,행복하다,일,바라다,보아,좋다
잠자는 아가에게,엄마,아기,바보,터미널,버리다
쟈스민차,돈황,쟈스민차,그때,향기,처음
저무는 바다를 머리맡에 걸어 두고,간다,살,저물다,어떻다,인연
저물녘 언덕에서,때때옷,꽃신,마중,가지,걸음
저녁별 하나,누가,이야기,슬프다,아아,이렇다
저녁 기도,끝나다,고통,작다,더,조용하다
저녁에,별,많다,중,사라지다,나르다
적벽,나르다,눕다,눈,붉다,바위
전보,전보,일몰,시간,거나,창백하다
절반의 추억,눈물,그리움,생각,갑자기,한쪽
젖지 않는 마음,젖다,마음,비,여기,멀다
제비집,제비,떠나다,누대,나무,빗자루
조약돌,둥글다,얼음,녹다,흐르다,세찬
조그만 사랑노래,눈,길,사라지다,어제,맨
조그만 행복,일,소리,이렇다,사소하다,잠시
좋은 사람,좋다,가슴,마을,담다,놓다
즐거운 편지,눈,생각,불다,일,사소하다
지금 사랑하는 사람이 가장 소중한 사람입니다,아름답다,소중하다,가장,갖다,세상
지금 내 사랑은,마치,이전,다른,누구,만나다
지울 수 없는 얼굴,써다,지우다,냉정하다,얼음,불
"지금 사랑하지 않는 자, 유죄 ",자신,내다,미치다,주지,행복하다
지는 잎새 쌓이거든,눈,가슴,기다림,강,건너
지금은 아니야,지금,싫다,안되다,보내다,온몸
진정으로 사랑한다는 것은,진정,이별,눈물,대신,절대
진달래,땐,차다,저리,붉다,지나치다
진달래꽃,가시다,보기,역겹다,걸음,고이
질투는 나의 힘,많다,세우다,아주,세월,흐르다
차마 숨겨둔 말 한마디,아름답다,믿다,편지,쓰다,생각
차마 말할 수 없는 까닭,마음,손,어느새다,버리다,두렵다
찬비 내리고,아프다,힘들다,떨어지다,시들다,편지
참 아름다운 사람,아름답다,차다,그렇다,남,실수
참된 친구,이름,참되다,친구,지은,이르다
참깨를 털면서,털다,솨,할머니,참깨,내리다
참으로 오만하고 우아한 열정,새기다,빛살,넣다,터지다,강변
창살에 햇살이,손,밀면,햇살,볼,자라나다
처음부터 내가 원했던 것은 바로 그대였답니다,원하다,처음,미소,후,격려
천년의 그리움,소리,젖다,비,위,떨어지다
천년의 바람,보아,천년,전,장난,바람
천 일이 지나면,쓰다,천,편의,시르다,시들다
첫 눈,오늘,힘,걷다,소식,눈
첫눈길,이후,내다,눈길,주다,아카시아
첫눈오는 거리에서,눈,추억,은회색,빛,금방
첫마음,마음,먹다,새,맞다,언제
첫사랑,꽃,시들다,꺽,준,들여다보다
첫사랑의 눈동자 곁으로,첫사랑,곁,맨발,풀잎,바람
청솔 그늘에 앉아,청솔,그늘,앉다,친구,편지
청포도,하늘,고장,칠월,청포도,익다
초상,땐,맨,처음,세상,아름답다
초혼(招魂),이름,부르다,죽,설움,겹
촛불,너머,촛불,산,떠나다,내다
촛불을 켜세요,촛불,켜다,누가,마음,빛
최고의 삶,행위,삶,최고,살,위
추억 밟기,길,발자국,하소,추억,밟다
추억,바다,잊어버리다,자고,기슭,하루
추억이라는 말에서는,추억,밭,지나다,지나가다,일이
추억 한 잔,꿈통,대못,결의,스크린,추억
친구,친구,금화,하루,서로,나누다
친구에게,친구,별,문득,작다,위
친구란,친구,란,그리움,헤매다,문득
친구란,친구,영향,주다,찾아오다,일
친절이란 사랑으로,친절,그대로,아이야,비,개인
타는 그리움으로,그리움,담다,새,별,나무
텅 빈 마음에,아프다,채우다,마음,나르다,연습
토란잎에 궁그는 물방울같이는,토란,잎,마음,부르다,물방울
편지,나르다,편지,귀절,사랑스럽다,외롭다
편지,만,쓰다,써다,차라리,그냥
편지,눈,누나,겨울,가득하다,읍니
편지,달님이,편지,위,서쪽,바람
편지 1,무진,떠나다,처음,깊다,광맥
편지를 쓰겠습니다,편지,쓰다,낙엽,계절,그립다
평행선,본적,가야,합,가깝다,두렵다
평행선 인연,자꾸,리,간다,서로,만나다
푸른 밤,게로,별,치욕,수만,길
푸르른 날,그립다,눈,부시,푸르른,저기
풀,눕다,바람,풀이,흐리다,더
풀꽃,보아,자세하다,예쁘다,사랑스럽다,그렇다
풀꽃,길,세상,다가,나다,법문
풀잎이 아름다운 이유,바람,향기,풀잎,흔들리다,아름답다
풍경,풍경,바람,소리,울,달다
하나면 좋겠어요,행복하다,나누다,사이,좋다,적지
하나를 선택해야 한다면,세상,많다,지키다,소중하다,그렇다
하늘,하늘,잃다,친구,보아,그렇다
하늘,새기다,넣다,하늘,그립다,얼굴
하늘,하늘,얼리다,호수,안다,가슴
하늘 냄새,하늘,맑다,보이다,그때,냄새
하늘 같은 사랑,하늘,주다,나르다,지금,힘들다
하늘의 나무,불빛,포구,닿다,기다,여행
하늘로 가는 길,하자,이제,참으로,슬프다,일
하늘의 융단,융단,꿈,내다,발,밑
하늘색나무대문집,집,저녁,끝,밑,나팔꽃
하루,나르다,내려놓다,거짓말,오늘,하루
하루밖에 살 수 없다면,하루,살,겁니다,생애,눈
하루내내 비 오는 날,생각,세상,하루,내내,비
한 그리움이 다른 그리움에게,만나다,꿈,엮,수만,추다
한 그림자,그림자,용기,홀로,늘,모르다
한번쯤 다시 살아볼 수 있다면,한번,다시,살,볼,용서
한 사람을 위하여,하소,나르다,두,배,아프다
한계령을 위한 연가,한계령,묶이다,헬리콥터,뿌리다,풍요
한순간만이라도,한순간,바뀌다,좋다,래야,테
할머니 편지,멧,들,보고,자,적다
함께 가는 길,멀리,길,길이,혼자,찔레꽃
해가 산마루에 저물어도,내다,해,산마루,저물다,저뭅니
해바라기,세상,해오다,거리,바라다,해바라기
해바라기 사랑,하늘,살,해바라기,늘,고프다
행복,행복하다,꽃,눈,자리,그냥
행복,행복,목표,평화,추구,행복하다
행복,받다,행복하다,오늘,빛,편지
행복한 그리움,그리움,가슴,밉다,눈발,슬픔
행복한 사람,행복하다,오늘,손바닥,종달새,새벽
행복의 조리법,넣다,가득,인내심,수북하다,가슴
행복 만들기,행복하다,마음이여,바라보다,세상,반
행복론,말다,자신,자다,용서,다른
향기나는 그대에게,문득,그립다,바람,묻히다,여름
헤어진 사람을 생각하는 사람에게,시간,헤어지다,성숙,시키다,던
향수,차마,꿈,잊다,힐,리야
호수,만나다,비로소,수많다,사이,무수
호수 1,얼굴,손바닥,둘,폭,가리다
홀로 있어도 함께인 듯한,가슴,홀로,하소,채우다,아프다
홀로한 사랑,마음,나다,바람,불다,빈
흐르는 내 눈물은,꽃,노래,흐르다,눈물,피다
흐르는 강물,편지,강물,우표,붙이,병
흐르는 것 모두 물이 되어,물이,하리,흐르다,모두,북방
희망을 위하여,마음,끼다,두,굳다,눈
희망,희망,절망,외래어,이야기,위
희망,내일,간다,창,앞,하늘
"희망, 너에게 보내는 편지 ",희망,절망,살다,걸,걸때
흰구름,구름,바람,유유,흐르다,희다
흰 종이배 접어,종이배,접다,희다,띄우다,그리움
휘파람을 불어다오,나르다,아프다,절의,노래,허황
4월의 노래,계절,꽃,아래,목련,그늘
산사나무는 나를 지나가고 나는 산사나무를 지나가고,나르다,산사나무,꽃,둑길,희다
꽃에서 달까지,꽃병,꽃,유리,신기하다,팔
백화수복,편지,멀리,서다,백화,수복
물의 공방,새벽,줍다,손바닥,닮다,깃털
늦가을,이제,돌아서다,돌아가다,바람,젖다
숨구멍,숨구멍,덮이다,숨,얼음,닮다
슬픔은 푸른 것,더,슬픔,모,푸른,낮아지다
"떨어질듯, 떨어지는 소리들",소리,몇,떨어지다,잠시,생각
양말을 위한 변주곡,양말,짝,아라베스크,간다,딸
연각,뭉치,만들다,흩어지다,맨발,만나다
친구의 운세,심다,돌,연꽃,운세,꽃
계란 한 판,계란,침묵,판,듣다,처
우주로 날아가는 방 1,방,우주,떠오르다,세상,음악
다른 날 같은 자리에서 만나는 구름 이야기,바다,두,비치,표지판,가지다
석남사에서,짐,중생,불경,소리,부처
숲으로 행진,표정,고양이,수염,담벼락,울음
난타,미치다,소리,끝,피,묻다
공중의 이월,공중,벗어나다,플,바람,이월
달을 건너는 성전,달,달이,고대,해,피
귀하 생각,모르다,사내,걸,그렇다,석
소하동,울,사이,나오다,앞,책
다소 이상한 사랑,자두,자두나무,세계,최고,붉다
과녁,과녁,나무,떨어지다,저수지,수면
사랑,벼락,상수리나무,나무,부르다,맞다
쉬파리,식탁,두,다가오다,비다,일
물론의 세계,음악,피아노,흘러나오다,방,죽다
대화,순간,옆,버리다,소리,쯤
구례구역의 사랑노래,저녁,놔두다,기차,일곱,시
각목,각목,광목,모르다,누에,만들다
깜밥,퇴직,거리,만나다,난감하다,어디
고라니,고라니,중얼거리다,보이다,보현산,참새
테이블은 듣는다,소리,테이블,듣다,시,펼치다
단풍 드는 풀밭,바람,흔들리다,풀이,단풍,들다
오늘의 증상,도시,영혼,부고,살다,주의
욕의 칼,욕,아버지,강하다,말다,자르다
수렴동 물소리,수렴,물,소리,깊다,마음
적들을 위한 서정시,모르다,생각,돌리다,다시,어디
누가 가위질을 하는가,만들다,가위,질,땅,크다
개의 뿔,개,뿔,인형,달리다,사이
노자의 벌레,바람,낙서,생각,버리다,나무
경계에 관한 짧은 이야기,푯말,거울,환생,불륜,통행금지
스란,새,깨뜨리다,들이다,계절,하늘
대체로 무관심,휘영청,꼬리,서로,하루,마음
너,며칠,걸다,대신,꽃,피우다
"태양, 물 위의 연꽃들",꽃잎,누각,기러기,오리,날개
꿈,마음,목소리,흔들리다,지우다,내일
길 밖의 길,산,길,길이,발,벼랑
"오, 자귀꽃",모르다,거,달달,마,꽃
허수아비 타령,가을,허수아비,기다림,밖,다시
아들에게,애비,삶,아들,시간,묻다
풀의 공법으로,흔들리다,자라다,풀,꽃,몸
나뭇잎 떨어지다,나뭇잎,바람,무게,힘,떨어지다
욕망의 작살,욕망,야생마,바다,몽골,작살
제비꽃 연가,작다,나르다,받다,시오,향기
가족 박물관,밤,눈,꽃,피다,가족
인기척,골목,걸다,어루만지다,코스,인기척
어머니,부리다,먹다,첫째,둘째,아들
자연부락,행선,직행,버스,노인,더
​사과를 내밀다,사과,나오다,담장,놀라다,감추다
가을 저녁,바람,이렇다,저녁,계시다,믿다
바나나의 웃음,바나나,나누다,사라지다,오전,오후
터무니,터,무니,찬,노숙,바꾸다
울창하고 아름다운,부분,바람,은밀,남아,생애
소양댐,미터,평생,슬픔,영하,십칠
고등어를 굽다가,푸른,고등어,굽다,뒤지다,얼마나
콧물의 세계,이기다,구멍,엎,지르다,닦다
길이 길을 간다,길,간다,작다,길다,크다
돌아보면 그가 있다,돌아보다,불경,마르크스,일요일,쪼그리다
내가 가장 예뻤을 때,가장,예쁘다,생각,아름답다,형
금요일 밤,빵,앉다,밤,일요일,거
절망,절망,성산포,바다,만들다,삼키다
균열,바람,여자,강남,거리,가리봉동
서정의 장소,여우,마음,털,마지막,죽다
간통,달빛,다니다,고무신,녘,소문
파수,지붕,두,난간,좋다,손
낙관주의자,먹다,생각,잉어,물속,커다랗다
길에 당한 유배,생각,더,멀다,꿈,어
코끼리 그늘로부터 잔디,코끼리,간다,잔디,미안하다,괜찮다
부처꽃,소년,소녀,막대기,끌리다,빛나다
가는 비 온다,비,간판,젖다,죽다,여자
어른스런 입맞춤,총알,앵두,입술,뒤통수,모양
발톱 깎는 사람의 자세,발톱,깎다,자세,수가,가깝다
음지식물,음지,식물,인간,처음,크다
비희도,교미,자세,미소,유지,완성
목욕의 시간,닦다,그렇다,이어지다,끊어지다,발등
도형의 중심,불,집,대해,들어오다,들다
"프시케, 날갯짓",우산,젖다,그렇다,반짝이다,내다
생각을 생각하며,생각,바깥,안쪽,괴로움,아픔
밤과 꿈,길다,털다,쑥,빠져나오다,부록
레고,공간,바꾸다,끼우다,합,뽑다
수탉,수탉,치다,드라이버,공이,불안
옆으로 가는 사람들,앉다,바퀴,길,마주,어둠
우는 방법,목숨,울다,기다,요,꿈
치우침에 대하여,목마름,물가,나무,치우치다,목
애인에게 편지를 썼다,달,물,애인,꽃병,써다
부전패,싸움,사방,링,적,싸우다
거기에 가고 싶다,엄마,거,목포시,행복,큰길
보석도둑,보석,섬,진열,남해,지심
가을에는 기차를 타고,가을,기차,영혼,혼자,차창
사람과 함께 이 길을 걸었네,마음,내일,사람과,길,꽃
지난 여름,꽃,버스,도청,앞,로타리
배웅,배웅,문밖,찾다,후,목소리
폐교에 기대어,간첩,다니다,빨갛다,튀어나오다,동상
가을꽃 공장 사진사,아빠,잎,가을,꽃,바람
모두 다 사라진 것은 아닌,빈,위로,후드,득,공터
이별에게,바다,숲,누구,여기,온전
바람의 몸내,엄마,그치다,겁,손,겹
무서운 꽃,줄이다,페이지,몸,앉다,기억
스위스행 비행기,스위스,비행기,별,죽다,머릿속
먼 산,산,산이,좋다,하늘,서다
금강산버스를 기다리며,디다,고려,금강산,산,눈
바다,바다,바다로,간다,가슴,세상
과적단속,아버지,높다,지게,이르다,새벽
신촌에서,비,뒤,돌아보다,서다,여인
구름,구름,어머니,뭉치,절구통,자다
8월 하순,소리,귀또리,부사,하순,매미
골목의 표정,골목,소녀,툭,부러지다,시
퇴고,훌쩍,앉다,날아가다,더,품다
길 떠나는 가족,길,남쪽,그림,밥,식구
내소사 전나무 숲길에,전나무,잠자리,바람,나무,숲길
저수지,저수지,산,소리,작다,가슴
멧새 소리,명태,꽁꽁,얼다,길다랗,파리하다
호박꽃 사랑,꽃,호박꽃,문,만나다,좀
반성 99,집,쓸다,나서다,데,옆집
잃어버린 책,하얗다,책보,소리,햇살,아래
내 가슴에서 지옥을 꺼내고 보니,꺼내다,지옥,밝다,앞발,굳다
산산산,산,아름답다,웁,산이,지구
그곳,그렇다,죽다,삶,앞,사실
얼룩무늬 두루마리,얼굴,풀리다,풀다,얼룩,문지르다
밥이나 먹었는지,아내,마주,따다,포도,어제
벽화,어둠,창,창틀,흘러내리다,검다
바래길 첫사랑,깊다,푸른,바,그립다,편지
몹쓸 연애,좋다,마구,치다,버리다,밥
의자,생각,중이,거리,살다,나르다
달이 뜨고 진다고,달이,뜨다,지느러미,차고,내다
채집,흐르다,물의,채집,소리,물길
분수,분수,솟구치다,바라보다,노인,물이
오래 병에 정들다 보니,걸,병,정,놈,얼른
문,문,열다,나오다,여,닫다
그 소년의 계절은,소년,계절,여름,진하다,녹색
나는 거부할 권리가 있네,나르다,향,고르다,향수,코
물끄러미,바라보다,나르다,물끄러미,좋다,들다
진부령을 넘으며,단풍,아내,진부령,길,아이
그 집,우물,문,두드리다,먼지,끼다
니가 좋으면,좋다,붉다,돌,물들다,풀꽃
머나먼 돌멩이,구르다,닳다,흘러가다,뭉게구름,한번
허봉수 서울 표류기,물고기,검다,뗏목,냄새,타고
보길도에서,물,서다,해남,오일장,비닐봉지
시립 미술관,미래,동안,아래,과거,보이지
선평역,기차,철길,떠나다,간이역,겨울
개기월식,눈썹,걸리다,들어오다,꾸벅,야간
공무도하가,건너다,닿다,강물,저쪽,흐르다
모슬포에서,모슬포,만나다,그립다,작다,여자
무늬들,밀리,밀면,임,유리창,밀리다
안개 속에서,부지런하다,걸다,강변,귀가,차갑다
풀잎,풀잎,상처,초록,만들다,뿔
양철지붕 이발소가 있던 자리,유년,양철,지붕,삼색,등
조개 까는 女子,조개,끄다,칼,앉다,깔다
붕어,상인,붕어빵,매끈하다,자다,생기다
노마드 사랑법,무늬,시작,점,여름,꽃
돼지에게 묻지 마라,돼지,붙다,아이,하수도,동네
몽산포,여자,해변,몸,온,파도
"지금,",비우다,겨울,나무,훤히,드러내다
바람의 말을 들을 수 있다면,산,세상,다른,길,누군가
흰 웃음소리,북,살다,사미,환하다,걸
마음은 이렇게도 가르친다,마음,침대,육체,이렇다,가르치다
여름의 애도,어머니,날개,슬레이트,부서지다,옆구리
평범에 바치다,지주,살,나이,평범,세월
비몽,꾸다,얼굴,모르다,꿈,적
뿌리,돌부리,뿌리,걸리다,넘어지다,홧김
선셋 라이더,라이더,배달,하늘,강,짐
심장을 켜는 사람,심장,노래,들다,두근거리다,오늘
얼음렌즈,꿈,주인공,해몽,능동,피동
유리의 존재,유리,곧,유리창,손바닥,통과
탱자의 편지,가시,탱자,울다,쓰다,나오다
직선 위에서 떨다,흐르다,물의,채집,소리,물길
태풍이 몰려온다,뒤,무리,날개,책상,숫자
사랑,낮,흐르다,생,별,반짝
첫사랑,만난,시간,온,눈,그늘
길,이르다,새벽이슬,별빛,꽃잎,먹음
지상의 방 한칸,방,집,마을,타고,루핑
바람의 종장,마르다,바람,종장,마침표,찍다
낙타를 위하여,길,죽음,건너다,전,소식
순례자,처마,밑,달빛,길다,소리
이별,물,해,나다,무슨,지네
사이,무릎,사이,그녀,얼굴,안면
햇살 잘 받으시게,다시마,생,말리,드러내다,아낙네
생각,나무,생각,잎,틔우다,꽃
칠월의 문장,좋다,사이,박,익다,흠뻑
칼레의 나무,칼레,나무,공포,나르다,해변
해당화,르,계집애,물든,파,여름
쏘가리,그녀,쏘가리,마리,사진,보내다
맷돌 호박,호박,친구,받다,자다,맷돌
그리스인 조르바,바람개비,희다,바람,사과꽃,붉다
얼굴의 반격,얼굴,다른,잠기다,불,꿈속
소통,감자,꽃,범,네네,이쁘다
한여름밤,설설,끓다,배꼽,설,치다
큐피드의 포지셔닝,큐피드,꽂히다,실수,마음속,명사
엄마는 작아지고,엄마,몸,기억,처음,넓다
그럴 때 그럴 때,빛,바람,멀다,순간,치다
불륜의 심리학,어둠,나르다,그렇다,더,창밖
파도 소리 민박,파도,쓰다,간다,소리,묵다
노을 속으로,새,하늘,그림자,몸,날아가다
간화선,푸른,솟아오르다,관음,시작,오늘밤
꽃 선생,꽃,들이다,몇,언제,피나
내게 와 잠시 머무는 것들,꽃,비,그치다,후,마당
바람 이미지,멀리,풍기다,라일락,향기,여인
그리운 꾸지람,황,어른,꾸짖다,옛날,간다
앉아서마늘까'면 눈물이 나요,인디언,이름,냄새,앉다,하늘
저녁 무렵,어둠,논,모내기,전,다랑
계단에서,계단,자장면,내려가다,그것,현실
후생,나르다,나무,벌겋다,벗다,살다
그래서 늦는 것들,아름답다,늦다,울음,도착,한자리
"집에서, 나가는 봄",집,세,칸,인생,앉다
어느 명랑,그렇다,저녁,취기,더,기울어지다
클림트의 달빛,더,빛나다,손톱,뜯다,기억
시간 구부리기,구부리다,나다,비,등,산
외계인 가이드,꼬리,자루,빛,의자,써다
"다시, 첫말",입술,동물,잊다,믿다,동물원
호른 부는 아침,바다,길,위,입술,붉다
거미 죽이기,들다,허공,공중,버리다,바닥
우리가 사랑한 모든 거짓말들,종이,넣다,거짓말,그렇다,사랑스럽다
불면,맞다,어둠,갈라지다,닫히다,살다
성서 54쪽의 밤,벽,잠,신,수녀,들다
소가 나를 볼 때,소,둥글다,배다,달이,비
마블링,희다,풀,치다,고여,중심
사이보그 선언,바꾸다,꽃,한번,불다,사이보그
하얀 옷소매,모르다,한밤,누가,내다,전하
벚꽃 그늘에 앉아보렴,벗다,벚꽃,그늘,앉다,아래
답화귀,꽃,지네,밟다,벚꽃,꽃길
Y셔츠 두 번째 단추를 끼울 때,두,통과,어둠,달아나다,셔츠
검정사과농장,농장,거짓말,주인,사과나무,죽다
시멘트,버리다,침묵,견디다,극단,국경
비무장지대,하루살이,모르다,날다,피하,분명하다
뛰어다니는 비,대게,남자,주황색,찍다,고양이
외로움,자다,맑은,멀다,보이,흐리다
진흙쿠키를 굽는 시간 8,떠올리다,방,뜯다,개,구멍
"봄, 아시나요",누구,적,아무,모르다,젖
꽃들에게 미안하다,꽃,물다,묻다,초대,응
입춘,함박눈,봄,내다,색,세상
눈물이라는 우체통 속으로,그렇다,등대,시르다,눈물,다녀가다
속이는 재미,뇌,속이다,거울,웃다,비록
"저기, 빈 의자가",의자,발가벗기다,태도,앉다,감정
눈의 말,침묵,좋다,눈빛,눈,밤
발치,뿌리,엄니,발치,물,눕다
역입,뒤,위,붓,누르다,나아가다
오는 봄,오늘,새,울다,밑,하늘
서울로 가는 전봉준,울다,들꽃,눈,내리다,녹두
지상에서 영원으로,영원,스크린도어,앞,바로,멈추다
돌 속의 울음,돌,울음,소리,누가,저기
"아가씨, 활짝 핀 꽃",엄마,아깝다,징끼,무싯날,껌
틈새,가창오리,떼,마리,송골매,칼
날개,날개,버리다,비둘기,발,두
구름일기,적다,창문,엄마,바닥,웃다
중얼중얼,양파,산양,답,고구마,병아리
밥물,밥,밥물,불리,쌀,넘치다
멸치의 꿈,고래,물속,오르다,내다,바닥
10시의 잎이 11시의 잎에게,연두,어떻다,설명,음,비
바퀴,이름,문자,밖,새,부르다
천 일 뒤에 다시 올게요,방,누구,울음,떠나다,뒤
모란앵무와의 나날,깃털,뽑다,부리,몸,울음
신용에 대하여,신용,소비,대출,받다,말다
"응, 그런 편이다",그렇다,펴다,버리다,만들다,이야기
지금 격리 중입니다,씻다,아래,만나다,온,손
계단이 있는 야외 테이블,테이블,좋다,계단,야외,맥주
생활사,사라지다,지금,여기,끝나다,자리
인화,일,나다,얼굴,냄새,필름
다이 하드,테,죽다,회사,운전대,잡
고구마라는 별이,네모,집,별,가장,스치다
올해의 슬픔,슬픔,요즘,정확하다,도착,터지다
교차로에서 잠깐 멈추다,길,거,따르다,흐르다,만날
겨울 들판을 거닐며,겨울,들판,가까이,다가서다,가지다
"풋사과 속, 방 한 칸",방,몸,눈동자,문,가장
겨울 포구,겨울,소래,포구,뜨다,멀다
근하신년,근,년,밑,이름,석
가정,신발,지상,아홉,십,구문
범종소리,눈,삶,닿다,비뚤어지다,만지다
덕담,대해,아침,첫날,서도,새해
그만큼,자리,젖다,비,돌멩이,마르다
저녁의 소리,숨다,불다,집,허공,울리다
형상기억 합금,나비,위,난간,몇,날개
휴일의 감정,뒤,거울,앞,서서,흠칫
나비,개나리,손,죽음,달라붙다,자꾸만
어스름 녘에,흐르다,어둠,어스름,그릇,넣다
그 나뭇가지에 열린 푸른 기억들,꽃,모과나무,나뭇가지,동쪽,모과
"집에 두고 온 복숭아를 보러가던 여자가 말했다, 꼭 같이 보러가요",심장,이야기,거,우린,살다
아몬드를 먹는 고양이,안개,휘감다,나팔꽃,쉽사리,채널
개기일식,사과,사이,부사,갸르릉,접속
연분홍 유언이 있었다,꽃잎,모르다,페이지,노래,자다
"어쩌다 보니, 햇살",몸,종이,인형,노래,숲
베아트리체의 미로,길,고양이,지붕,떠나다,꿈
전생기념관,몸,생일,찢어지다,깃발,휘날리다
추잉의 밤,껌,열,씹다,눕다,한낮
"가을, 푸딩",푸딩,자다,가을,새,방문
꽃말을 호명하는 시간,장,소리,바람,기적,돌아가다
별별사주닷컴,별,더,몸,성좌,숨기다
중요한 역할,애가,남천,키우다,자다,생각나다
자작나무 환월,숲,발바닥,잎,어제,빠져나가다
복숭아가 있는 정물,죽다,자연,앞,단순하다,금강
나의 거룩,어리다,생활,이루다,쐐애,아침
물의 얼굴,물의,얼굴,소리,힘,물
밤하늘 눈썹에는 눈물 같은 별들,순간,기쁨,소리,기억,고리
토마토 베끼기,토마토,붉다,쓰다,마침표,순간
밤의 서점,눈,종족,비,고원,죽다
자두의 시간,바람,자두나무,자두,뒤뜰,버려진
도약,숲,목젖,오르다,반복,밉다
인터스텔라 - 어느 수조에 관한 기록,수조,아버지,집,피멍,돌아오다
밤의 휘장과 노래,밤,노래,마을,부르다,숲
사과의 완성,사과,자르다,둥글다,베다,넷
안개는 힘이 세다,안개,자본주의자,나오다,사회주의,주의자
주상관매도(舟上觀梅圖),꽃,물,붉다,심장,처마
어미 고양이가 새끼를 핥을 때,혀,나오다,찾아내다,핥다,세상
문병,아프다,오늘,어제,병동,눕다
슬픔이라는 구석,슬픔,들다,지뢰,어떻다,단
물과 천사,친구,위,시간,발,빠지다
1mm 꿈,얼음,아내,눕다,소리,눈
안개곰,바쁘다,돌아보다,곰,한번,사이
능소화가 피어나는 거리,거리,소리,피다,능소화,그리움
흘림체,떼,흘리다,체,저녁,아깝다
올봄에도 해야 할 일들,일,그렇다,기다,병아리,마당
장미는 얼마나 멀리서 왔는지,장미,다발,탄소,발자국,피우다
조그만 호두나무 상자,고양이,상자,넉,달이,지나가다
꽃잎에 관한 서술,풍경,년,그때,움츠러들다,십
딥페이크 연애,얼굴,자,표정,물방울,요동치다
마지막 여관,이야기,여관,그렇다,손님,들리다
"오직, 바람",물,주다,뿌리다,식물,자르다
먼 집,굴피집,눕다,굴피,껍질,덮다
다음번에는,책벌레,벌레,돕다,자다,다시
스타바트 마테르,어머니,위,울,오,말다
고욤,숲,위로,절취,새,어둠
나비,의,꽃,봄꽃,진,뒤
지구본 탈출기,히잡,두르다,바람,여인,모르핀
"파란, 만장",물,청수,스파,흐리다,얼굴
검은 빵,빵,모르다,기도,허리,숙이다
나팔꽃의 꿈,눈,종족,비,고원,죽다
토마토가 빨갛게 익었다,토마토,빨갛다,익다,새,구름
매화가 핀다지요,매화,피다,저녁,그려지다,생각
미혹,문장,어떻다,불의,꼬리,잘리다
지하주차장,아파트,형광등,자다,지난,지하
차표,갈다,개,동백꽃,붉다,백
천상열차분야지도,옮기다,밥풀,별자리,후생,밥
숨어 사는 영혼처럼,구름,섬,바다,높다,하늘
물을 따라 번지는 불의 장미,불,더,가면,물,붉다
붉은여우를 찾아서,붉다,지구,얼굴,마스크,제나
검은 봄,가장,이름,보이지,살리다,허물
흰 당나귀를 만나보셨나요,희다,당나귀,거,꽃,잠시
숨은 운명,창,더,해도,칼날,칼끝
죽은 자의 휴일,발,바닥,만지다,심장,딱딱하다
"갑자기, 포도송이",근처,제비꽃,대여섯,걸음,댁
무씨는 힘이 세다,무,처서,땅,전,묻다
종이 인형,면,벽,앞,영웅,종이
말의 신사,근사하다,어디,지나가다,마음,켕긴다
터널 속의 기린과 눈물이 마른 소녀들,터널,기린,오늘밤,끝,세상
거북이,발,아이,팔,목,안개
파업,죽다,자,서로,목소리,도시
시든 양파를 위한 찬미가,푸른,양파,자라나다,저녁,그립다
격렬한 대화,물소,사자,대화,이전,목
지나간 시간이 돌아오라고 하니,시간,돌아오다,빛,자,열매
거미 랭글러,거미,숨,다리,기분,나쁘다
비,징검돌,손잡이,끝,열쇠,구멍
도시의 규격,집,일정하다,건너,간격,가로등
부리가 샛노란 말똥가리 두어 마리 데리고,세상,엄마,부리,샛노란,말똥가리
기벽,인형,밤,몸,낮,퇴근
꽃의 정치,꽃,나무,꽃불,벌,나비
풀들의 사회생활,배우다,꽃,풀,바람,햇빛
손,품다,더,부정,비실,지면
자운영,나비,날아가다,번짐,저승,하늘
구름의 베어링,높다,회전,여기다,소음,적다
눈과 도끼,찍다,눈,도끼,사진,지나가다
연리지몽夢,붙다,버리다,꿈,불,삐
살구,나무,선명하다,씨앗,죽다,어떻다
저에게 두 번째 이름을 주세요,도처,이름,먹다,무섭다,동네
복숭아뼈,발목,복숭아,뼈,희다,굳다
나의 자유,집,가지다,중,궁궐,우뚝하다
개인적인 옥상,옥상,스카프,난간,밖,걸다
하루,거,집,마당,검다,구덩이
인과관계가 명확한 것만을 적습니다,바라보다,그것,인과관계,자전거,잃어버리다
진종일 비,비다,우산,왕관,지고,만
사과상자의 이설,사과,상자,골목,각,눈
하얀 새,아무,듣다,이야기,일,날아가다
또 다른 궁리,궁리,방법,나무,숭배,도망가다
내가 아버지의 구근식물이었을 때,치치,개구리,둥글다,어디,떨어지다
소소소(小小小),잠깐,아이,거리,점,세계
소울 메이트,비,세계,좋다,골목,젖
수증기 지역,공장,굴뚝,옥수수,변하다,하얗다
심거,흩어지다,일,반나절,좋다,거리
달팽이가 지나간 끈적임처럼,지나가다,젖다,자리,흐르다,검다
타인의 나날,달팽이,사라지다,개,다발,위
감염,내다,아프다,전,구름,적다
활어 행장,활,바다,삶,죽다,숨
너의 왼팔로 창문을 열어두고,토마토,새,손,소리,검다
산책자의 밤,날개,날아다니다,두,개,무당벌레
가면들의 집,죽다,살,멈추다,듣다,명
포도나무 교회,포도나무,피,흘리다,죄,꽃
노랑가오리,노랑,잠,가오리,바람,몸
늙은 사슴,볕,딸아이,살다,부모님,늙다
하느님은 부사(副詞)를 좋아하신다,부사,동사,얼마나,항상,좋아하다
물의 종족,물,살,주다,저녁,물가
미래의 가로수,걷다,사이,어제,가깝다,자다
복사꽃 아래로 가는 천년,미소,백,년,복사꽃,천년
저물녘,역,누군가,이름,노을,사이
빨강 뒤에 오는 파랑,모르다,동굴,손바닥,전,사냥꾼
어린 봄을 업다,아이,등,업다,얼굴,묻다
실업의 능력,버리다,권리,가능하다,비행,놓다
의중,박히다,틈,소리,의중,채우다
풍등,피어,물결,꽃잎,소명,풍전등화
슬픔이 날아가는 방식,나무,달,걸음,바람,목
매혹,등,해변,마을,남,남다
페이지들,생활,바깥,죽음,멀다,검다
칼맛과 살맛,자가,살,칼,집,칼맛
추신,가시,대추나무,크다,언니,서다
"홀연, 선잠",목,살,거울,몸,침대
배교,빈집,혼자,집,부르다,컵라면
저 못된 것들,나르다,버리다,시키다,환장하다,빛나다
내가 장미라고 불렀던 것은,부르다,장미,하이에나,울부짖다,나뭇잎
비행기가 활주로를 들어설 때,내려가다,도로,비행기,활주로,가까이
아쿠아리움,오늘,책,인생,싫다,읽다
순서,꽃,피다,피우다,사과,밭
봄에 소박하게 질문하다,살,묻다,기쁘다,바람,햇살
환,발광하다,어둠,찾다,형체,한가운데
눈보라 여인숙,젖,여자,눈보라,사내,여인숙
백치시인,시인,이름,걸음,더,풍뎅이
천돌이라는 곳,어떻다,이름,숨,묻다,소리
굴레방다리,굴레,아현동,목,모습,방
당신을 다루는 법,받다,땐,열리다,아주,부드럽다
손금을 풀다,손금,손,흐르다,풀다,연주
손의 깊이,비리다,바다,손,문장,하얗다
사과의 안쪽,마음,닿다,순간,부패,시작
이상한 우정,구두,구기다,아주,이름,종이
사람은 어떻게 구름이 되는가,가장,이불,전,구름,장작
조령산에 내리는 눈,눈,바람,갯,마루,어둠
궁리하는 사람,이야기,집,꽃병,물,책
고요의 뼈,잠,고요,뼈,소리,음
남는 부분,나그네,나무,침대,창문,책
2인칭의 자세,얼굴,따르다,자다,내다,불행
푸른 것들의 조그마한 항구,옥상,상추,잎,라면,웃음
하동,모래,강,하동,건너다,누르다
사람을 사랑해도 될까,죽다,다시,두드리다,문,이어도
처음의 맛,모두,해,김치,형,밤
업장소멸,소리,세상,살다,파도,바다
덜 쓴 축문,강의,뒤,덜,생,벗다
라틴어를 배우는 시간,시간,흐르다,자,무릎,꿇다
가을 산은,더,가을,은,내다,가까이
허공,나무,허공,기운,자라다,기대다
유리컵,아래,마리,옷,돌아다니다,그때
말년.13,전깃줄,밟다,들다,산,다니다
병산서원 복례문 배롱나무,일이,꽃,피우다,남,홀로
문어숙회 먹는 밤,여자,남자,문어,들다,살다
공양,싸리,꽃,애무,벌,날개
터너의 원소,터너,소년,거품,밖,직면
광대나물,타다,건너다,기둥,흔들다,여기
공평한 의자,의자,눈,내려앉다,눈송이,공평하다
네트,박히다,탱자나무,생,울타리,노랗다
갈대,마시다,바람,나르다,마음,몸
두 마리의 사람,개,개다,죽다,모르다,나서다
마네킹 1,영혼,대해,마네킹,바이러스,나란하다
세한도,먹다,빛,집,피,검다
개기월식,암자,빠지다,나오다,봉,긋다
거대한 식탁,박히다,탱자나무,생,울타리,노랗다
호시절,그때,좋다,정말,뜻,들다
각축,어미,새끼,나중,염소,세
쉰,걸다,마음,미끄러지다,쉬,거듭
백 톤의 질문,나오다,부딪치다,밤,손,어떻다
소풍,눈,밤,읍내,목사,무었
그리운 풍경에는 원근법이 없다,봄,그녀,들다,나무,하늘
꽃이 그냥 꽃인 날에 아름다웠던 꽃을 그리며,꽃,버리다,아름답다,죽다,들다
저녁강,떨어지다,여기,강물,몸,살이
골안사,위태롭,매달리다,현판,보고서,절집임
매일 자는 아이,걷어차다,소리,어둠,책상,텅
해자네 점집,술,말다,여자,책,들다
죄를 지었다,죄,햇살,말다,점심때,짓다
바이칼호,푸른,맑다,흐르다,들꽃,길손
송곳,아이,몸,손가락,손톱,일
너무 큰 고구마,아주머니,먹다,링,고구마,펄떡
시간론,시간,살,과거,현재,미래
빗소리 듣기 좋은 날에,소리,내다,기다리다,비,맘
직소폭포 가랑이에 머물다,머리,세상,직소폭포,가랑이,오줌
행인 3,일,대사,등,스치다,옆모습
부석사 가는 길,사과,벌레,떨어지다,울다,어리다
소모품,깎다,연필,들다,삐죽다,엄마
몸과 마음의 고도,폭포,태어나다,여겨지다,흘러내리다,쏘다
어울린다,어울리다,자다,빛,피,젖다
쑥부쟁이,늘,빈손,시간,절절,머무르다
"수락산, 도서실",앉다,도서관,표지,읽다,소리
"달의 서쪽, 바람의 동쪽",고민,그렇다,뼈,달,떠나다
신록을 보며,잎,소리,물결,듣다,시간
석류나무,일,정원,물,탓,대책
주름,위,주름살,출렁이다,잎새,주름
꽃을 전정하다,꽃,자르다,생,세상,크다
기울기가 사라진 뒤에,각도,떨어지다,나뭇잎,그림자,깨어나다
득도,사내,봉지,눈물,꽃,떨어지다
나의 백그라운드,아버지,살다,삶,혼,친
구름의 시간,바뀌다,안심,입,다물다,빵
싱싱한 잎,잎,문,발자국,돋아나다,집
아무르호랑이의 쓸모,호랑이,잡다,가지다,사냥꾼,산
세상의 모든 밥집,밥집,밥,누가,근처,순례
그 무엇,그릇,잣알,가루,몸,먹다
의문과 실토,뿔,인간,슬픔,신,의
⁠고등학교 동창들을 서울에서 만나면,사투리,기억,생기,집,직장
삼척,대게,뜯다,유령,먹다,무한
 할미꽃,그늘,마음,누가,꽃,들다
동물 소묘,마음,방바닥,거미,누가,돌보다
호위병들,지키다,나르다,죽음,많다,브레이크
칠 일,칠,눈,남다,먹다,일만
잠시 지나가는,아들,비명,울리다,퍼지다,귀신
지붕 위의 발코니,구름,속삭이다,뚱뚱하다,매달리다,자국
그 책의 정체,읽다,실록,넘기다,죽다,부모님
어디만큼 왔니,여자,종소리,비탈,새,깊다
사랑이여 어디든 가서,어디,닿다,해,태어나다,불
사슴 죽이기,울음,신음,들리다,잠,아기
내면,층,위,아래,뜨다,조금
설렘의 시간,마을,소리,그것,멀리,늙다
사라진 문자,문자,흘리다,글자,종이,적다
만듦의 끝,만들다,모두,모닥불,이야기,꿈
살을 굽다,짐승,살,새,겹,어머니
발화,식탁보,꽃,놓다,바람,떨어뜨리다
모던하우스,방,광장,안주인,화목,바닥
시계 수리공의 장례식,시계,지느러미,남다,적,아름답다
"진도, 봄이었다",진도,봄,가지,그림,꽃잎
이팝꽃은 피고 지고,꽃,보리,팝꽃,피다,질
넙치,바닥,그렇다,끝,더,넙치
삶은 달걀,삶다,삶,기도,그렇다,달걀
고등어 자반,부부,놈,죽다,좌판,진열
남겨두고 싶은 순간,쇼핑,사진,찍다,버스정류장,들다
항하사,노래,흘러가다,마음,강,과거
색,색,저수지,계절,몸,무너지다
시간의 얼굴,개,꽃,마르다,분열,스물
에리다누스,의문,광년,몸,더워지다,가벼워지다
팝콘,꽃,밖,뒤지다,집다,먹다
오후의 사물 연습,사물,걸다,계속,쉬다,부딪히다
달달한 쓴맛,달다,먹다,머슴,열매,세월
기차 생각,슬프다,생각,몸,지나다,따르다
울음 나무 아래를 지나다,울음,아래,지나다,밑,차다
낯선 곳에서 햇살을 심다,햇살,서다,물,논,위로
별들은 강으로 갔다,흐르다,별,강,유성,금
지독한 봄,무슨,걸다,목련,톱질,밀다
소화되다,건물,현관문,공기,창,한여름
이디야 커피,엉망,여기,서다,걸어가다,들리다
아르누보는 왜 의자들과 관계 있는가,의자,흔들다,위,사이,바
모자 모델하우스,모자,누르다,머리,버튼,고요
희뿌옇다,자다,뚱뚱하다,구두,걷다,상대
발레리나,날개,새,움직이다,활짝,몸
나무의 약속,나무,피아노,생각,산,누구
식전 혹은 식후,생각,망하다,양,마리,고기
식물도감,노루귀,엎드리다,잎,천지,송홧
내면보고서,종이학,가능하다,열매,머리,오늘
 사랑,꽃,날개,송이,피다,희다
시를 태워 시가 빛날 때,시,장작,문화,문예지,태우다
방귀에도 껍질이 있다,방귀,까먹다,동안,두레,버리다
"구름 포비아에 감염된 태양과 잠들지 않는 티볼리 공원, 그러나 하나 빼고 완벽한 목마",소년,목마,구름,여름,태양
울음 화석,청개구리,귀,울음,밖,뜨겁다
청평사 가는 길,하늘,강,소리,길,나귀
역도,들다,머리,서다,일,두
당신의 책,책,늙다,그것,매일,버리다
동백,꽃,참말,징,상처,피
날마다 물새,지금,만들어지다,새,담그다,물새
5월,지금,오월,신록,바라다,살
김치박국 끓이는 봄 저녁,맛,기억,김치,어머니,골목
서해에서,풍경,어둠,약속,밖,모르다
빗방울을 흩다,그녀,남남,웃다,쪽,유리잔
길 위의 고양이,고이,털,향,갈비뼈,침몰
P,피,죽다,피자,간다,웃다
대(竹),몸,실,소리,맑은,뽑다
비’에 사람들이 젖다ㆍ2,비다,시간,등,앉다,입
암흑,검다,빛,크나크다,나가다,어떻다
낮잠 훔쳐보기,아기,손,오후,비밀,달아나다
잠만 잘 분,방,잠,골목,뒤꼍,냄새
얼룩말,바코드,동물원,얼룩말,계속,리지
라르게토를 위하여,오늘,밤,라르게토,젠,끝내다
황금 비늘,그녀,비늘,한쪽,눈,어부
"오디, 입술",길다,입술,옛날,막둥이,예쁘다
노인과 수레,노인,골목,길,수레,위
우산을 잃어버리다,우산,자리,어떻다,비,찾다
낡은 나무 부두,까닭,바다,맨,그립다,바다로
풀무질과 어머니,불매,소리,솥,시발,택시
포커 치는 개들,척,다운,개,남자,여자
사월,사무실,빠져나가다,글썽,대다,거
살아도 못살아 본 것처럼,집,감,살,비다,베란다
그림자를 밟다,밟다,서거,앞서다,뒤,옆
고양이의 푸른 눈빛처럼,어둠,빌딩,불빛,북적,시커멓다
착란의 꽃바람,바람,시간,꽃,착란,모두
당신은 당신의 것,검정,등,숲,목,매니큐어
호박꽃 엄마,엄마,호박꽃,노랗다,꽃등,새끼
방출된 꽃들의 섬,피다,꽃,곁,눈,풀
심야산책,걸어가다,발,누구,입,오늘
내가 미조리에 가는 이유,죽다,만이,잊어버리다,일보,지금
잡탕밥,밥,잡탕,살다,뭐라다,볶다
입술,입술,우르르,그렇다,발바닥,떨어지다
예감,내다,눈,거리,가방,몫
흑맥주의 밤,절망,나르다,검정,좋다,마지막
평일,후농,그렇다,빨갱이,새끼,골
"광화문, 그 숲의 끝에 서서",숲,나무,눈,보내다,내다
뿔,뿔,단단하다,서로,새롭다,찌르다
이른 봄,숟갈,된장찌개,넣다,수가,멀다
늦봄의 원근법,앉다,사이,밑,입구,봄
기슭에 다다른 당신은,기슭,말다,다른,그렇다,산이
꽃은 참 음흉해,꽃,밤,음흉하다,좀,어둠
성북동 비둘기,성북동,번지,비둘기,평화,산
풍경에 속다,매달리다,소리,오죽,바람,풍경
헛발질,지급,한국,학술,저작권,회
구름퍼즐,구름,붉다,퍼즐,아버지,딸
액면가,액면가,값,깎다,늘,부르다
웃는 당신,웃다,보고,그렇다,여전하다,찻잔
여신들,여신,아름답다,물리다,고통,먹이다
새로 돋는 풀잎들에 부쳐,일,작아지다,여기,생략,바람
검정 고무줄에는,고무줄,어머니,겁니다,이면,이상
세상의 모든 연애,나이,세상,뒤,짐작,연애
각성,일,오늘,그릇,보내다,그렇다
홀연,닿다,살다,손,마음,홀연
내일이라는 말,시간,마음,내일,보이지,하늘
번호가 된 사람,번호,소리,개,두드리다,나르다
낙화,서로,마주,잡다,손,놓다
당신을 내 주머니 속에 넣고,주머니,쯤,부끄러움,손가락,뒤
나도 그들처럼,전,아들,바람,계산,측량
빵 속의 방이 울 때,방,무심코,허물,말다,농부
적도로 걸어가는 남과 여,걸어가다,적도,지뢰,밭,가운데
귀로,돌아오다,기약,가슴,벗어나다,멀다
누구 없으세요,마음,말씀,믿다,살다,생각
나비가 날개를 말리는 시간,날개,향,눈썹,핸드폰,가방
목발,목발,짚다,구기다,던지다,버리다
닳아가는 손끝,손끝,어제,저녁,콩나물,무치다
우금치,우금치,동학,죽다,들다,봉
겨울의 빛,빛,겨울,일,누가,걸어가다
돈,돈,살,등,장사,방
봄날의 눈사람,늦다,눈물,웃다,넓다,넘다
이상한 나라의 앨리스,수렁,모래,바닥,통,회사
다반향초,문신,이자,마음,물,문
경어를 쓰고 싶은 아침,일도,이지,먹다,떼다,신발
딱따구리의 독서법,읽다,몸,경전,찍다,소리
벽 앞에서,손목,벽,자라다,손,손바닥
틀렸다,틀리다,시간,많다,일,돈
저 바다가 속을 내어줄 때,나흘,사내,바다,파도,출렁대다
빈틈,빈틈,멀다,길,가지,채우다
냉이밭에서,봄,개울,호미,들다,나르다
분청사기 파편들에 대한 단상,무등산,꿈,자락,여기저기,분청사기
꽃 아닌 것 없다,꽃,슬픔,들여다보다,그렇다,눈물
안개 속에서,안개,걷히다,바람,불다,실크
"거울아, 거울아",거울,깨지다,세상,풍경,중
강아지나 고양이처럼,가지,노,시골,마당,숲
바느질,비닐봉지,아깝다,해진,평생,꿇다
구름에게,구름,내다,보이다,낱말,눈물
오후 4시의 허기,여자,버스,거리,깊다,키우다
먼지의 결혼식,먼지,문틈,기다,두,사이
꽃의 정치,꽃,나무,꽃불,벌,나비
내일,하천,아래,서다,들다,기다
먼 데서 온 택배 같은 것,다행,이제,이별,꽃,집중
편지와 물고기,물고기,언어,사라지다,보내다,편지
"시론, 입맞춤",시인,눈,남자,여자,키스
동행,아내,노인,주다,바다,휠체어
목련사,목련,송이,저녁,밥,툭
종로 5가,소년,도시락,비,젖다,바람
완두라는 별,지상,씨앗,별,밤하늘,유성
최선의 삶,최선,자다,후,하루,개도
먼 곳에서부터,몸,아프다,멀다,다시,조용하다
또 다시 희미한 옛사랑의 그림자,거리,새롭다,밤,맞다,불다
시적 용인,시옷,시,차,뒷문,누가
내소사,내소사,안다,믿다,깊다,모르다
건물주,건물,기도,만나다,주인,많다
밥벌레,밥,거,아이,병,깊다
창밖의 일들,쌓이다,냄새,매미,소리,녹다
꽃밭에는 꽃들이,볕,밖,들어오다,공터,블라인드
정지한 시간을 고정시키기 위한 각주,만나다,핏방울,선반,모서리,비명
토마토가 익을 동안,밤,토마토,세포,나르다,영혼
가까스로 타인,불빛,눈,길이,상처,새벽
그 자리,끼다,비늘,늙다,미로,만들다
우산의 고향,젖다,사내,새,우산,태어나다
먹은 죄,먹다,새끼,풀,벌레,잡다
복도를 걷는,복도,남자,여자,목소리,공간
기도의 정석,이제,몸,온전,자유,허락
병원,여자,눕다,살구나무,가슴,찾아오다
시인,차갑다,돌,박히다,지나가다,멈추다
명왕성을 보내며,우주,툭,명왕성,태양계,나가다
삶,치킨,집,광고지,위,창고
이곳은 난청이다,집,주인,방,난청,창
국수,마을,나다,지나다,앞,좋아하다
담쟁이넝쿨,넝쿨,담쟁이,그린,시멘트,벽
겨울 강,겨울,자세,강,도장,무릎
내 죄,비,진작,나가다,걸,떨어지다
소통,결,내다,나무,가슴,찍다
구름에 관한 몇 가지 오해,구름,새,달,모르다,집
강 건너간 노래,밤,노래,강,건너,부르다
 몰랐다,서다,길,마을,비다,내려오다
겁나게와 잉 사이,겁나다,잉,사이,꼭,새끼
나의 가난은,아침,오늘,다소,생각,늘다
설날 아침에,새해,맞다,일이,추위,해
창밖을 내다보는 사람,눈,벌판,닿다,늪,공중
뚱딴지,생각,버리다,돼지감자,상추,밭
꽉 꼈어,꽉,끼다,길,수도,붉다
똥파리,영화,똥파리,시발,놈,를
요즘 우울하십니까,떡,이십,혼자,밑,요즘
세상이 안개에 뒤덮이는 시간이 있다,별,나르다,빛,대해,나무
징검다리,물,발,흐르다,위,돌
언젠가는,기다리다,기억,삶,음,깨닫다
박쥐,별채,크다,침묵,어둠,더
이유를 풀다,기울어지다,사건,잠,몸,수많다
빈 화분에 물주기,물,거,내다,그렇다,주어
흰 눈 속으로,끼다,눈,얼음,입,맞추다
세상의 모든 언덕,엄마,닦다,세상,앞,거즈
병 속의 바다,바다,그림자,남다,유령,덤벼
양의 그림자를 먹었네,그림자,일,늘,문,얻다
적벽강 가는 길,바다,파도,소리,바위,기도
언덕 위의 집,집,언덕,위,구름,햇살
흔들림에 대한 아주 작은 생각,끝나다,흔들다,지나치다,추수,강둑
짜장면과 케이크,구둣방,먹다,할아버지,개,앉다
사인,부검,시신,그녀,사체,죽음
삭망월,맹금류,이처럼,비,액체,숲
무화과는 없다,꽃잎,꽃,피다,무화과,잎
수선화,왕자,볼,일,물가,뜨다
비스듬히,서다,길,척,몸,풀다
아침,어둠,아침,웃다,하하,쌍무지개
피아노,심장,페달,꽃,여덟,가지다
무화과,먹다,꽃,무화과,과일,생각
검은 표범 여인,가장,더,표범,추다,벗다
오늘의 경험,눈,동물원,모르다,갇히다,들어가다
절벽 가는 길,절벽,끝,저물다,검다,잠들다
손가락 정원,손가락,문,두드리다,자꾸,머리
문신,파내다,새,날아가다,새다,박히다
풍경수집가,기억,죽다,풍경,눈,뜨다
버려지는 세계,버려지다,밤,꽃,자신,어디
끊어진 길의 마디를 찾고 있다,그녀,길,끊어지다,서다,사이
대문턱국숫집,문턱,도둑고양이,국수,기르다,쪽마루
까치와 까마귀가,까치,까마귀,소리,짖다,오늘
전당포는 항구다,씹다,전당포,내리다,디카,고기
사실은,사실,살,쓸쓸하다,글,꼭
다리미질,일상,사내,구기다,지치다,흔적
거북이는 오늘도 지각이다,아이,거북이,거북,따다,애
우주를 한 바퀴 도는 시간,장례식,지나다,목소리,빈소,비어
개는 어디에 있나,벽,창문,짖다,아파트,얼굴
바람의 시,바람,부다,불,혼,놓다
여수,도시,바다,생각,얼굴,비
감 따는 사람,감나무,따다,바라보다,감,은사시나무
긍정의 풍경,긍정,끄덕,앉다,풍경,부정
자살 숲,걸다,자살,숲,뒷산,생각
비 오는 날에,우산,비,살,단단하다,걱정
목각인형,목각,인형,역,노동자,푸른
덜 빚어진 항아리,항아리,밖,선생님,만들다,어떻다
비둘기,비둘기,돌아오다,상자,날개,들다
서서 오줌 누고 싶다,오줌,소리,누,서서,좋다
불투명 호갱님의 멘토스 시전,주다,지우개,연필,락스,세계
늦은 오후에서 저녁까지,몇,잎,생,바람,묵다
뒷모습에 대하여,떠나다,자,생각,눈물,나다
풍경 속의 풍경,어둠,별,오후,낯,모르다
상한 사과는 다시 먹을 수 없다,사과,짓무른,도려내다,음미,먹다
나무 앞에서의 기도,나무,아내,묻다,베다,책
금호강변의 카페,퇴직,접,누구,강,감정
진화론,진화,늑골,시간,냄새,세
꽃들의 이별법,건너다,꽃잎,버티다,발,짚다
스물하나,나비,꽃,아이,아름답다,징그럽다
플라세보,죽음,적막,가을,지나,전화
블루홀,세상,물,푸른,눈,헤엄
정어리 정어리 떼,킬로,대양,가장,떼,길이
자주 찾아 뵈올께요,나오다,할아버지,허리,드리다,밟다
부분은 전체보다 크다,부분,전체,라면,백,개
누군가 나를 읽고 있다,복사기,가볍다,어둠,환하다,상처
그해 봄 서정춘 만세가 있었네,만세,부르다,푸르다,부,용산
능소화,골목,귀,걸다,귓바퀴,발
분실된 기록,슬픔,시절,다시,고통,책
바다,바닷가,바다,이야기,개지,생각
흐르는 거리,안개,흐르다,거리,으스럼히,흘러가다
상수리나무 아래,자다,어깨,무슨,누군가,맵찬
말,혓바닥,정확하다,채찍,질,꿈쩍
몇 겹의 사랑,몸,나르다,자르다,생,어떻다
옛 공터,공터,마음,기다리다,주다,금
시소에 앉아 귓속의 이야기를 듣네,시소,여인,앉다,맞다,손톱
그날의 하루를 만난 오늘 하루,기다,하루,늦다,나오다,짧다
바람을 읽는 밤,울음,가을,는가,안개,불빛
금대암에서 압축파일을 풀다,계시다,입술,높다,단,위
시인들을 위한 동화,글,써다,흐르다,이자,방
가을 산녘,가을,들다,바라보다,산녘,온몸
말년.10,공장,중랑천,동네,반지하,켜다
2인용 소파,열다,소파,파랗다,조용하다,닫다
8월의 축제,휴가,집,꽃,교만,떨다
사과의 시간,사과,시간,붉다,손,꽉
마음밭의 객토작업,흙,마음,밭,새,아버지
가지치기,가로수,전봇대,막무가내,도로,옆
발해로 가는 저녁,발해,나라,해안,마을,내다
천적,차,천적,폐차,길,대요
소라껍질 모텔,집,껍질,소라,탈피,벗다
5호선,일곱,명,핸드폰,가운데,여자
가정의 행복,어제,바깥,쓰기,딸,방
밤 속의 길,밤,누런,길,삶다,끄다
오이에 대한 오해,오이,칼,돌기,여자,남자
의자들,의자,무릎,등짝,새다,향
사랑의 출처,뿌리,산,손,여름,파내다
불가능한 호,그녀,나라,얼음,여자,흐르다
푸른 용수철,잎,몸,튕긴다,더,통통
낚시터 여자,여자,꿈,라일락,깨다,낚
가을에 핀 배꽃,가을,배꽃,피우다,꽃,앓다
적산가옥,세우다,나르다,만난,나쁘다,꾸다
순간의 꽃,피다,꽃,올해,변하다,모양
별을 지나서,전,별,최면,의자,앉다
비 개인 날의 오후,까치,여름날,마리,날아들다,가지
액자 속 액자,낙타,오만하다,젖다,눈,남자
나는 대기가 불안정한 구름,구름,채우다,숲,나무,물방울
모란,향기,그렇다,꽃,오해,책
바람의 노래를 들어라,모르다,산,텅텅,지난,생
거미박물관,어떻다,거미,땀,치다,습성
드레스 코드,거리,노인,구상,건물,삐죽다
별빛 한 짐,자루,별빛,두,눈,별
먼지벌레,기억,풍경,이렇다,지독하다,처음
넙치,넙치,발,계단,두,좌판
맹점의 각도,나무,밤,낮,쪽,들다
적막 한 채,소리,색깔,향기,붉다,쇠
풀잎 사랑,초여름,저녁,스며들다,하루,길다
바람의 사어,바람,따르다,뿌리,하얗다,어디
안옹근씨를 찾습니다,안옹,씨,옹글,이름,숨다
푸른 눈썹의 서(書),바람,읽다,개,골짜기,잠들다
배낭이 커야 해,배낭,크다,하니,끄다,집
세상의 중심에 서서,도서관,책,원하다,줍다,지나다
카리카손의 밤에 쓴 엽서,마을,달,시간,서로,바르다
로사리아 아줌마,고구마,줄기,매일,시골,자다
동안 열풍,꽃,시들다,장미,질투,도시
꽃이 꽃을 건너는 동안,꽃,눈,그늘,동안,흐르다
이토록 적막한,어떻다,힘,나무,서다,새
건전 이발소,그림,화가,강아지,밖,웃음
툭툭,툭툭,들이다,끝내다,바지,흙
"그 저녁, 해안가 낡은 주점",숲,당나귀,방울,소리,해안가
어김없는 낮잠,꿈,낮,위,그물,잠깐
빈 배로 떠나다,떠나다,눈,모르다,부두,새색시
엄마가 들어 있다,엄마,보자기,들다,숨기다,앉다
이름의 풍장,이름,본명,예명,원래,오르다
재봉골목,골목,풀리다,마감,바쁘다,톨
물푸레나무도 멍이 들었대요,가지다,가지,마음대로,여리다,회초리
펜로즈 삼각형 위에 서다,지나가다,위,하늘,날아가다,카펫
사바세계,발가벗다,하늘,소리,손가락,태어나다
미안해 사랑해,미안하다,애드벌룬,들다,군락,두
바닷가 사진관,물,새,핀,부리,감다
앵두나무 소네트,앵두나무,꿈틀,애벌레,밀다,넣다
이모,이모,울음,조각,엄마,벗다
심해어,어둠,눈,감다,스크린,사라지다
유리창의 처세술,어떻다,유리창,무언가,담다,빛깔
몸붓,자,몸,간다,바닥,몸뚱이
유선형의 꿈,어머니,꿈,몸,꾸다,나가다
봄비,맑다,내다,흙,봄비,들다
꽃이 지는 일,꽃잎,자라다,쳐다보다,살구꽃,떠나다
탱고를 추다,추다,나무,몸,지나,마음
보금자리주택지구,줄이다,숟가락,축,나다,아파트
병상 일기 2,아프다,좋다,내다,땐,신음
위성,그녀,나르다,손,다른,얼굴
어른의 맛,맛,음악,남다,방향,이상하다
합주,셋,조금,빨르다,박동,심장
새댁,아내,짜장면,집,먹다,쳐다보다
봄비,왕벚나무,가지,봄비,자꾸,입
구두를 닦다,닦다,구두,검다,칠하다,캄캄해지다
광화문 천막,원숭이,천사,동물원,생각,나무
지구 동물원,횡단보도,건너다,옛사랑,마주치다,호랑이
엄마,엄마,보고,길,첫돌,지난
일력,시간,곳간,벽,걸리다,일력
드라마,여자,승강기,남자,나르다,좋다
녹,녹슬다,붉다,핏속,지붕,몸속
"축, 생일",시간,나르다,이목구비,대부분,제멋대로
의혹,살다,길,겨울,나무,높이
돌을 웃기다,생각,웃음,웃다,얼굴,표정
초록 서체,나무,탁,어떻다,자음,모음
봄날의 서재,아침,읽다,밖,봄,한기
"날아라, 십정동",지우다,산동,허물,지고,포크레인
뒤란의 석류나무는 이미 늙었으나,석류나무,뒤란,늙다,심다,오르다
두 음 사이,가깝다,두,팔,단어,리다
동백꽃이 떨어지는 이유,동백꽃,떨어지다,목,아름답다,읽다
자두나무 정류장,린다,비,눈,달이,별
동백 꽃잠,바람,들다,몇,인력,시장
"겹겹, 겹겹의",그렇다,시간,느리다,우산,공원
벚꽃 십리,벚꽃,얼마나,보여주다,십리,걸치다
농담이라는 애인,농담,다정하다,발바닥,눕다,꽃
몽골 편지,살,나르다,자꾸만,나다,워
그런 저녁,옛사랑,붉다,노을,후,저리
별천지,아빠,별,새벽,하루,쓸다
나미브 사막에서,누런,푸른,세상,얼마나,툭
어린 나뭇잎에게,하늘,얼마나,모르다,바닥,나뭇잎
오래된 연인,현상,시간,유리창,채운,나무
진달래,진달래,자리,피다,쉬다,따라오다
바늘,바늘,입장,꽂다,멍,안개
그때가 세상은 봄이다,봄,봄빛,불다,마음,그립다
"망설임, 그 푸른 역",내리다,서자,떠나다,택시,꽃
고마운 일,고맙다,일,도로포장,공사,며칠
"꽃, 무화과나무를 찾아서",꽃,나르다,주다,늦다,내리다
낯선 집,집,낯선,마당,온,자리
소만,길,차,그늘,앉다,비파
피는 꽃,찢다,꽃,거,피다,스스로
"툭, 건드려주었다",번의,기다리다,벼랑,돌,굳다
빈 집,계단,내다,브룩클린,비상구,음악
두 번 쓸쓸한 전화,시,좋다,어찌,이겠다,자꾸만
파국,이야기,거대하다,두,적,다시
봄비의 저녁,저녁,마음,저물다,보라,노래
"저녁 7시, 소극",여자,남자,거울,린다,나무
봄이 오는 뚝길을 걸으며,쓰다,걷다,어디,찾아가다,과정
퀘이사,꼽추,등,전,지하철,타고
사막의 잠,더,눈,이름,발밑,온통
호명,이름,뒤,멀어지다,남다,불다
소들은 다 어디로 갔나,어디,한국,물,오른,무논
냇물이 얼 때,이불,덮다,거,가슴,소리
버찌는 버찌다,버찌,많다,차다,첫사랑,불리
다시 나만 남았다,남다,나다,영혼,쫓다,염소
산순이를 온전히 읽다,산,옆집,순이,의외,눕다
한 마리 사막,바닥,치명,눈,도,신기루
우주의 시간,길,국수,직선,뜨겁다,만들다
마늘밭의 꿈,마늘,밭,쪽,지푸라기,덮이다
"은유, 봄",뜨다,뿔논병아리,채우다,이제,들어오다
재가,속표지,간다,가문,소박,맞다
무명시인,적,읽다,몇,노트,연필
허공에 검은 선을 그으며,새,일,믿다,밤,날아가다
붉은 나무들의 새벽,나무,어둠,짐승,쉬다,계절
양철굴뚝과 나팔꽃,뜨겁다,양철,굴뚝,나팔꽃,줄기
바닥이 나를 받아주네,바닥,나르다,거,돌아오다,굽
취한 여행자들을 위한 시간,구름,별,여행자,펼쳐지다,떨어지다
개같은 사랑,눈빛,암캐,급,개,눈
껍데기론,껍데기,객잔,고수,상록,여전
칼갈이 스다께씨,세우다,스다께씨,쌍날,승부,서슬
오렌지에 대한 짧은 생각,오렌지,먹다,보고,몇,식탁
사과하는 방법,놓다,갑자기,먹구름,몰다,천둥
막판이 된다는 것,막판,그늘,손,매달리다,직전
낙타는 묶여 있던 밤을 기억한다,그녀,힐,아름답다,짙다,선글라스
겨울 변주,영혼,음,폭설,현악기,쌓이다
바깥의 표정,얼굴,가면,노래,표정,마주
오래된 울음,숲,나무,새,울음,기도
외상 장부,낡다,개,숫자,겨우,멀다
겨울 병동,그녀,몸,해파리,헤엄,치다
정오의 꽃,부처님,귀,웃다,자승,대고
희나리,달력,눈물,사이,장,밤
설핏,잠,관,눕다,반듯하다,문
파도타기,파도,간다,바다,겨울,밤
불멸의 꽃,시간,꽃,먼저,빛,문
가볍고 가벼운,그녀,화섬댁,바닥,리어카,물질
수유역에서,낡다,개,숫자,겨우,멀다
밤 산책,밤,절름거리,길고양이,따르다,걷다
헌 돈이 부푸는 이유,돈,낡음,이상순,침목,둘
캄캄절벽이 환하다,캄캄절벽,얘길,서로,끼리,아흔
짐,하느님,누구,것입,발신,등짝
더 작은 입자보다 조그만,소리,크다,작다,얼굴,입
내 안의 내원궁,궁,끝,미륵,정토,선운산
자오선,기준,동쪽,서쪽,가능하다,일상
"문득, 이 따뜻한",개비,유칼립투스,넓다,그림자,원하다
포옹,비,팔,입,어디,하얗다
오리의 탁란,닭,부리,오리,소리,눈
작금바다를 지나며,자동차,바람,어느새다,금,바다
개밥바라기,새,뜨다,떨다,마지막,숨
화장터 고양이,할아버지,고양이,손,버스,화장
마음의 문신,마지막,오늘,신호등,빗방울,아침
생강나무 발목을 적시는 물소리,천,생강나무,꽃순,물,소리
바람이 불면 돌아갈 수 있다,바람,불면,돌아가다,주인,가을
향기,꽃,향기,꽃밭,향,생
그릇,깨지다,그릇,칼날,절제,균형
화엄 새벽,땀,젖다,순간,죽다,몸
미장센,감독,눈동자,염소,클로즈업,빠지다
새해 첫 기적,도착,황새,날다,뛰다,거북이
풍천장어,풍천,바람,들다,밤,미끄럽다
가지 않을 수 없던 길,길다,길,가지,나르다,온
전신마취,잠,나르다,꿈,몸,옷
그 저녁의 강물,강,강물,물빛,추다,은어
돌사람,돌,씻기다,몇,년,주다
물방울 속으로,일,털다,바람,가슴,세상
이상한 족속들,협곡,족속,아이,산맥,세상
바퀴의 근성,간혹,길,도로,다리,건물
가묘에 몸 대신 울음을 눕히고,울음,좋다,욕심,입,집
연어의 귀소,따르다,아득하다,자다,오거,갓
서술의 방식,문장,버리다,개미,낱말,나가다
저공비행,조용하다,곁,낮다,냄새,맡다
살구나무 당나귀,살구나무,당나귀,늙다,사실,꼬리
이마,이마,손,크기,타인,맡다
담쟁이,손바닥,열다,사라지다,어리다,빛나다
서른을 훌쩍 넘어 아이스크림,나이,그렇다,아빠,녹다,더
죽음의 춤,수도,춤추다,미치다,모르다,땅속
이상한 나라의 게이트,돼지,들어가다,궁리,게이트,나오다
소주 한 병이 공짜,술,끊다,둘,막,감자탕
낯선 선물,반지,얼굴,마주,물다,그렇다
토종닭 연구소,임시,설치,가을,철거,부도
물속의 계단,계단,무너지다,물,흐르다,흘러가다
돼지가 웃었다,돼지,하늘,볼,버리다,입
금요일,손,나오다,점점,지고,눈
소소한 운세,나비,매화,매화나무,치다,꽃
너무 멀어,여기,멀리,떠나다,다시,돌아오다
진실게임,너희,그것,우린,믿다,뜻
달은 열기구로 떠서,밤,달,붕대,풀다,하얗다
미움의 힘,그렇다,흉보다,먹다,늙다,들다
황혼,숲,새소리,잎,나무,울
통조림은 유통기한이 문제다,기억,통조림,포장,토,이식
숟가락,어떻다,내다,버리다,심장,저승
진열장의 내력,김,대리,살구,떨어지다,쌓이다
외상값 갚는 날,윷,쥐다,돈,허공,가득
하얀 나무,햇살,어둠,입술,땅,만난
천원역,천,들다,살,천원역,내리다
이별,거리,기어,마을,걸,그렇다
새처럼 앉다,앉다,새,길,강가,무리
그림자에 등을 기댄다,얼굴,그림자,두,다시,기대다
나를 기다리며,나르다,너희,기다리다,일생,버리다
지금 우리가 바꾼다,들다,깃발,손,흐르다,눈물
길 위에서,길,절망,선택,떠나다,뒤
스물 네 살의 바다,바다,아름답다,바람,얼굴,스물
온양온천역 왼편 호박다방,그녀,커피,값,다방,콜라
에스컬레이터의 기법,계단,마음,거슬러,먹다,입
생가,왼쪽,누운,그것,모양,오른손잡이
둘의 언어,자리,비구름,누군가,세계,쌍둥이
숲에서 보낸 편지 6,바람,창문,나무,푸른,팔
무반주,강,버리다,어귀,골목,끝집
간절하게,멀다,허다,이우,길이,들다
결빙의 아버지,아버지,밤,어머님,예닐곱,살
滴,물방울,빗방울,듯이,떨어지다,사라지다
때가 되었다,소리,들다,대야,아들,딸
풋사과의 비밀,소녀,가게,흩어지다,꺼내다,들어가다
펄펄,눈,내리다,끓다,사이,세상
필요한 사람,목각,인형,역,노동자,푸른
감응,읽다,닿다,중심,평행,수평선
배롱나무,항아리,푸른,누가,어둠,가마
껌,순이,껌,삼키다,살,살다
별,죽다,전,별,죽음,고요하다
가문동 편지,배,바다,젖다,몸,귀
나나가 사랑한,지나,피아노,방,기억,발
바람의 사거리,바람,방향,신호등,우주,바뀌다
무릎이 무르팍이 되기 위해서,무릎,마가목,무릇,무르팍,거리
사라진 것들은 어디쯤에서 고이나,양말,요,아침,짝,기억
도깨비 멸종에 관한 보고서,생각나다,누,한밤중,쪽,만
잔고 부족,들다,입김,빈,내다,손
구름,구름,어머니,뭉치,절구통,자다
형상기억,젓가락,타고,흐르다,끓이다,물
그냥 그대로 흘렀으면 좋겠네,좋다,흐르다,그냥,물,그대로
그림자 반성,그림자,맞추다,들어가다,나르다,감추다
반듯한 슬픔,마음,모내기,준비,끝나다,논
민들레하우스,하우스,주인,내외,목줄,나르다
계란과 스승,선생님,계란,학기,부르다,사용
정오의 의식,나르다,도와주다,빛,벌레,세
조각달을 보면 홍두깨로 밀고 싶다,어머니,홍두깨,늘리다,반상,가난
미조리 가는 길,절반,생애,멋,모르다,부끄럽다
여름,은어,익다,철,수박,배다
불혹의 구두,구두,귀가,신발장,하루,나르다
귀가,마흔,던지다,붉다,빚,탯줄
꽃은 꽃이어야 꽃이다,꽃,꽃일,어디,결코,피다
"바람, 난",괄호,그림자,뒤,거리,쪽
석류의 분만기,터지다,누,진달래,피다,봄날
있다'와 '없다' 사이로 양떼를 몰고,생각,앉다,뭐,대한,저녁
근황,아무,욱,일도,홀짝,앞뒤
나프탈렌,집중,가볍다,문,사라지다,바람
물총새 사랑법,물총새,암컷,아침,미처,곁
사막을 건너는 법,낙타,시계,사막,카,메다
나의 사랑 단종,눈물,걸음,적다,의,맑힌
초여름에서 늦봄까지,하늘,연초록,진,세상,눈
현관문은 블랙홀이다,별,블랙홀,이야기,행성,집
사랑한다,여자,마음,두더지,만난,철
슬,누가,슬다,동사,사이,낮달
거울 속의 잠,파리,두꺼비,거울,자고,잠
내 사랑 물먹는 하마,아내,먹다,하마,장롱,가슴
여우속눈썹,치자,지금,상관없다,좋다,크다
고추잠자리,그리움,몰다,언제,동구,밖
땅 위를 기어가는 것들에는,땅,순,손,줄기,기다
괜찮아,아이,그렇다,괜찮다,눈물,울음
찰칵,기다,영원하다,영원,짧다,영화
우리는 우리의 몰락 앞에 유적이라 이름 붙이고,꼬리,애벌레,개미,쌍,부전나비
"밥통, 키친크로스",밥통,덮다,아비,입,죽다
자갈치시장,납작하다,바다,사라지다,새벽,자갈치
"실어증, 싫어증",날개,파리,소리,둘,젖다
목사동에서 압록까지,서다,들어서다,쏟아지다,물,걸리다
비의 요일은 이제 지났다,어떻다,절망,각도,가로,높다
송곳니 자국,송곳니,걸음,철망,소리,개
빈 브래지어,처제,새벽,빈,브래지어,밤
그 화첩,숙모,산,벚꽃,숙부,손
적막한 자귀나무,자귀나무,늙다,닫다,혼란,가랑가랑
백지 위의 유목민,버리다,유리창,달이,찍다,흑백
마네킹을 배달하는 퀵서비스맨,마네킹,들다,여자,안다,몇
조개가 꽃핀다,조개,들다,맨발,열다,꽃
슬픔을 가늠하다,부르다,달동네,수건,두,한쪽
꽃과 새,새,가지,떨어지다,버리다,백일홍
압정의 형식,벽,수도,만남,깊다,발
정미소처럼 늙어라,늙다,바라다,조금,적,그렇다
우리들이 지나가는 흔적,어둠,태양,절벽,길이,온
발자국 레퀴엠,무리,떼,날아오르다,잔뜩,움켜쥐다
선운사에서,더,꽃,잠깐,틈,잊다
도고 도고역,역,내다,철로,덥다,잠
바람의 리허설,찔레나무,꽃잎,정거장,바람,햇살
뒤,뒤,빛나다,등,어둡다,해
사물들이 존재하는 방식,건물,밤,매일,오늘,저녁
"문득, 나비",읽다,날개,열차,장,빠져나가다
마음에서 나와 다시 마음에 닿기를 바라며,별,초승달,늑대,올려다보다,하늘
나무의 밀교,나무,손,흔들다,누군가,지우다
옆구리,옆구리,빗장,주머니,식탁,꽃병
지하철에서 만난 여자,여자,놓다,역삼동,리,맞다
파전과 우산과 k의 기록,놀이,위,뜨겁다,주문,파전
달 오르는 소리,달빛,소원,써다,마을,잡
여름날의 팡파르,길,정자나무,낙성,덧,바람
정선 여자,그녀,들국화,나비,일,방
비어 하늘 가득하다,바람,여기,비어,하늘,가득하다
조롱박,몸,반쪽,매달리다,어떻다,약수터
살구 봅시다,찍다,아빠,살구,매달리다,주렁주렁
산죽 아래,산죽,울음,모습,몇,부딪는
장미꽃을 해부하다,바람,장미,보험,들다,내미다
희미해진 심장으로,일,오늘,어깨,뼈,소년
꽃의 체온,하얗다,꽃,소리,떨어지다,피다
껍데기의 사랑,껍데기,빛,창문,알맹이,좋다
뚝,손가락,구석,소리,자신,꺾다
이후,아름답다,구별,시작,멋대로,새
부서진 오이,잘리다,버리다,평화,희망,나가다
사랑 1,상처,꽃,흉터,숨기다,얼마나
조각보,밥상,다시,씨앗,땀,간
덕혜 스님,중생,수도승,구분,놈,누구
또 다른 사막,북극성,모래,언덕,사막,나침반
팔각의 방,왕,아라베스크,두르다,죽음,개
봄 알레르기,나비,그녀,숲,세상,깨다
강을 건너간다,강,이별,나비,젖다,더
빗방울 펜던트,걸,받다,펜던트,동글동글,만들다
큐브,모르다,얼굴,만나다,계단,운항
나무가 견디는 법,나무,주위,뛰어다니다,하얗다,사라지다
예니세이 강가에 서 있었네,끊기다,귀,더,걷다,법
손바닥으로 읽는 태초의 아침,아버지,칼,세다,손금,이론
어머니가 가볍다,업다,어머니,등,한마디,경의선
호박잎 그늘을 사랑하네,호박,그늘,잎,가난하다,시인
귀가,집,골목,사이,여전하다,귀가
가장 멀리서 오는 지금,좋다,반듯하다,모양,숫자,만들다
5의 기술,손가락,안개,눈,골목,누군가
얼룩의 자세,투명,얼룩,모서리,가슴,우산
동행,친구,소리,사별,밤새,술잔
지하 이발관,째깍,물,잘리다,이발관,지하
상수리묵,묵,어머니,상수리,쑤다,소리
몸성희 잘있거라,희다,몸,성,소주,자다
중심,하늘,동박새,장대,균형,건축
나는 나를 지나쳐 왔다,서두르다,삶,지나치다,인생,지나가다
호상,오남매,모시다,묶다,호상,모
그릇,그릇,얻다,빗금,둘레,끼다
작고 오래된 가게,소리,입,사탕,문,가득
내 가방 속 그림자,그림자,가방,너희,줍다,붙다
춤추는 나무,나무,흔들리다,벌리다,그늘,만들다
기하,깃발,기우,관계,치다,점
수덕여관,여관,숲,별,창,하룻밤
얼굴로 둘러싸인 방,얼굴,자라다,점,중심,태어나다
독백,흔들다,욕망,나무숲,등뼈,바람
뜰채,우럭,좋다,자꾸만,송선생,먹다
먼 곳의 옥상,멀다,손,장미,피다,옥상
반성 99,집,쓸다,나서다,옆집,새댁
누들 로드,길,저녁,국수,방향,걷다
백년모텔,모르다,오늘,일,년,전
구겨짐에 대하여,내일,웃음,표정,좀,미치다
유리 공장,유리,희다,갇히다,소년,마음
"목백일홍, 그 꽃잎을",닿다,맨,운,얼마,견디다
고인돌별자리는 5천년 전부터 너를 기다린다,고인돌,구멍,자리,별,달려오다
고추를 좋아하는 여자,고추,여자,좋아하다,고추장,찍다
사랑한다는 말 1,독,가슴,용광로,일,뜨겁다
꽃나무,꽃,꽃나무,잎,견디다,곱다
편난운,빨래,좋다,아이,어떻다,엄마
파천금,물고기,바다,목,멀다,온
수상한 계절,그녀,나르다,사내,계절,새롭다
역,잎사귀,가지,놓다,세월,그냥
미아의 시간,엄마,볼,누구,자신,꾸다
詩作法,쓸다,쓰다,흐르다,버리다,기다
빨래,팔다리,늘어지다,식구,걸다,부
하늘에서 피워 올리는 꽃,벚꽃,냄새,일이,휘발유,질
너는 내게 너무 깊이 들어왔다,더,보내다,홀로,빈,절터
평강이에게,평강,거,렸다,자다,불다
이별의 고고학,이별,어둠,어디,몸,되돌아오다
무허가,점거,들어오다,빈집,무허가,좋다
"나는,",단풍,꽃,그렇다,가까스로,유지
물의자에 앉아,언니,치마,강,시집,들다
소폭의 제왕,들다,자살,노래,씹다,맛
입김,귀,곁,목련,꽃,소리
지나가는 말,나오다,새롭다,박수,바꾸다,노트
"너는 나로, 나는 너로 만날 때",불다,쇠,앉다,고정,새
산벚꽃을 보며,산벚나무,꽃,피우다,환하다,바람
크레바스,안개,리,우유,눈보라,나르다
절반의 미각,쌍쌍바,갈라지다,크다,서다,배신
호텔 스톡홀름 3,버리다,스톡홀름,방,가장,크다
소금의 말,몸,짜다,기다,눈물,흐르다
다행한 일,바라보다,생,자다,나무,고요한
바닷가 민박집,바다,물고기,멀다,온,마리
목련,더,봄,늙다,여승,나뭇가지
봄의 시퀀스,소리,몸,가장,살바람,어깨
다정과 다감,공원,장면,영화,죽다,슬프다
신기루,강둑,건너가다,서해,밤,벚꽃
지는 싸움,꽃,던지다,춤,추다,그렇다
꽃이 피는 이유,꽃,피다,미안하다,적,마흔
미안해요,바람,늘,해골,소금,꽃
낙타는 제 걸음을 세지 않는다,낙타,발짝,무장,입,말로
봄 바다,여자,놈,남자,렁,바라보다
봄의 환 ( 幻 ),봄,세상,완벽하다,배역,마약
노랑제비꽃,통째,제비꽃,필요하다,노랑,피기
속껍질이 따뜻하다,꽃받침,꽃등,목련,나무,환하다
길 위,길,위,아프다,그냥,가지
사춘기,너희,아이,부드럽다,엉덩이,쉬다
소주 반 병,소주,말다,병,고맙다,쭈그렁
꽃이 울 때,꽃,울,정원,아픔,울다
"봄, 안부",자다,처방전,깊다,발,마음
나선 회랑,도착,나무,허공,이르다,깊다
방죽가에서 느릿느릿,수면,이제,뿔,향기,지경
바람의 손자국,바람,지나가다,골목길,기다리다,보이지
에덴의 늙은 뱀,의,데이터,망,세계,늘다
어진내에 두고 온 나,나오다,살,집,낮다,지금
족쇄를 채우다,족쇄,벗다,풀다,현관,양말
발을 벗는다는 말에 대하여,걸음,뒤편,길,발자국,그늘
권오준씨,권오준,부르다,오빠,거리,산부인과
고마움,눈물,불쑥,지붕,여우,여행지
소금그릇,봄,태어나다,닿다,내다,소금
그리운 나무,나무,기르다,그립다,갈다,바람
이후,나무,리어카,꽉,공중,가시
즐거운 오독,들다,집,살다,정이,살
종점 근처,여자,얇다,나르다,눈,버리다
타박타박,길,송아지,엄마,따르다,잡고
고백,펌프,손,버리다,문장,물의
뒷모습뿐인 사랑,앞,그녀,돌아보다,향수,느낌
묵사발,묵,사발,나르다,만들다,미워하다
노루궁뎅이버섯,나무,궁뎅,노루,붙다,배설
회상수첩,겨울,거리,도시,소리,세상
하모니카 주법으로,소리,나다,입맞춤,하모니카,주법
봄 외출,손톱,주먹,사각,링,꽃잎
봄비는 푸른 희망을 잡아당긴다,봄비,잡아당기다,희망,힘,푸르름
사랑은 소리가 나지 않는다,소리,나다,어디,어르다,문득
세로수길 가로등,워킹,어둡다,받다,배우다,웃다
글씨 혹은 새떼,떼,읽다,글씨,책장,철새
공이 떨어진 정원,구멍,돼다,상상,바닥,필요
인생,의자,끌리다,끌,다니다,엉덩이
손의 에세이,손,굿모닝,얼굴,거미줄,다른
허공에서 더 깊어지는 추위,길,기다,느리다,추위,더
고드름,물,만들다,매달리다,창,칼
어머니의 밭,어머니,밭,더,내다,틈
물수제비 뜨다,점,읽다,파문,쓰다,다시
상상을 사다,냉이,봄,상상,티격태격,햇살
폭설,눈,내리다,길,길다,걸다
폐닻,닻줄,막,갯벌,곤,박히다
눈보라,명퇴,죽다,칼,들이다,사업
등,소금,등,뒤,하룻밤,애인
백색소음,눈,선반,대하,이름,조용하다
"안녕,",바퀴,각자,인사,골목,힘차다
풍경,카네이션,암,돌아가다,목성,할배
괴물의 의회,얼굴,서울,서로,거울,모이다
얼굴이 보고 싶다 1,저녁,구름,덕분,좋다,이스트
반구대,쉬타,머리,떨어지다,바위,압
페인트 공,옷,거미,밧줄,묻히다,흘러내리다
겨울장미,그렇다,말다,나서다,누구,다시
설계,손,아침,지구본,회전,가져가다
사랑니,사랑니,뽑다,사진,엄니,오늘
버드나무 세탁소,아버지,얼굴,다리미,잠깐,바
냉이국,아버지,어머니,젊다,어깨,안부
청동거울의 노래,천,년,아래,기다리다,잊다
겨울의 빛,숲,집,개,나무,좀
손을 잡는다는 것,손,잡다,생,아픔,간절하다
겨울산,수도,자명하다,드러나다,겨울,몸
꽃피는 시절,일,귀,눈,지금,나르다
넝쿨,그녀,손짓,하고많다,수건,온
편안해진다,떨어지다,꽃잎,시간,흘리다,오래되다
독수리 사냥 십계명,말르다,외롭다,묻다,조심,하라
젖은 풍경,하늘,작다,날아가다,치다,젖다
기복,삽,무른,땅,찾다,생각
새점,얼굴,모르다,고양이,세상,아기
푸른 안부,날다,그녀,전화,둘,머리
킁킁거리는 지상,달,날개,개,늙다,하늘
식량주의자,농사,아버지,논,밭,식량
소심주의자의 하루,들다,그녀,짐,사이,오늘
뒤끝,어긋나다,길,끝,철썩,어떻다
오카리나,새,입,새끼,오카리나,자신
지퍼의 구조,계단,자세,깊다,나르다,잡아당기다
톱니바퀴 관찰법,돌다,자다,톱니바퀴,물질,서다
쥐불놓이,쥐,햇볕,나무껍질,편지,숨
데칼코마니,얼굴,소리,자꾸만,모르다,여자
거리는 쫄깃하다,접시,자다,점,씹다,반
겨울 부석사,바람,가지,까치밥,구름,사이
암호명 @골뱅이,골뱅이,인간,소식,통해,전달
연곡사를 가다,빠르다,척추,소녀,사내,드러나다
파김치와 거울,댁,죽,모루,돌다,거울
겨울 아침,발자국,새,눈,위,찍다
흰달,눈,를,빈,뿐이다,산맥
빨간 고양이를 구해줘,고양이,빨갛다,눈,단풍,버리다
새벽기도,소리,향,바람,풍경,만들다
문의 경계,생각,공간,방문,잠그다,세상
겨울 모감주나무,디지털,몸,하늘,거리,거치다
중력은 없다,허공,추락,젖다,걸리다,어둠
후포항,의,넓다,해,조음,기다
동행,길이,나다,백군,오르막,땀
달을 마시다,어머니,사발,뜨다,빌다,달
맥문동,기억,손목,발목,그물,떼다
나주역,대하,폐역,지붕,그늘,소리
눈사람 라라,어깨,만들다,빌리다,새,녹다
오전의 탄력으로 펼쳐진 오후,오전,떠오르다,결혼,개업,좀
당신의 옆구리에 풍경이 있었다,요,위,무늬,홑,이불
몽돌,예쁘다,바닷물,얼마나,저리,돼다
길을 가다 서 있는 나무에게,길,묻다,나무,상처,세월
겨울강,겨울,흐르다,나다,강가,시간
너에게 주겠다,불씨,만들다,아침,달려오다,꿈
살구나무 당나귀,살구나무,당나귀,늙다,사실,꼬리
하늘을 만들다,묻다,의미,하늘,봄,자
숨을 갈아 끼우는 뉴스,심장,나오다,가슴,새,날아가다
사과,사과,동쪽,뜨다,달,산
파란 대문집,들다,떨어지다,문,붙이다,골목
소멸도 이야기,뛰다,사이,오른발,왼발,대륙
쓴다,쓴다,쪽,더,아무,모르다
해체,달,내려오다,어리다,돼다,몸
뜨거운 경전,시간,읽다,바람,푸른,꽃
물가에서 우리는,살다,어떻다,발,발가락,세상
조감도,세상,더,높이,바람,적십자
복면을 쓰고,쓰다,거,사과,복면,많다
밤의 측지선 ( 測地線 ),입술,문,달,달이,구부러지다
돌을 만지는 심정으로 당신을 만지고,두,돌,가지,사라지다,위로
야간도로공사,길,글자,밟다,힐,바꾸다
렌트,렌트,지평선,너머,속도,죽다
