flower	symbol
가막살나무	죽음보다 강한 사랑
가문비나무	성실, 정직
가시박	기다림
가지	진실
각시투구꽃	용사의 모자
갈대	신의, 믿음, 지혜
감나무	경의, 자애, 소박
감자	당신을 따르겠습니다
갓	무관심
강아지풀	동심, 노여움
개나리	희망, 나의 사랑은 당신보다 깊습니다
개불알꽃(= 복주머니난)	나를 이겨 가지세요.
개별꽃	귀여움
개다래나무	꿈꾸는 심정
개망초	화해
개미취	기억, 추억, 먼 곳의 벗을 그리워하다
개벚지나무	시골 처녀
개암나무	화해, 잘 어울리는 한쌍
개양귀비	약한 사랑, 덧없는 사랑, 무관심, 냉담
개회나무	청춘의 추억
갯버들	친절, 자유
거베라	신비, 풀 수 없는 수수께끼
겨자	무관심
겨우살이	강한 인내심
계요등	지혜
고광나무	기품, 품격, 추억
고데마리	노력
고무나무	변함 없는 사랑, 영원한 행복
고사리	기적, 유혹
고추나무	한, 의혹, 미신
고추나물	친절
공작선인장	정열
괴불나무	사랑의 희열
공작초	항상 좋은 기분, 안부
과꽃	믿는 사랑, 추억
관음죽	행운
광나무	강인한 마음
구상나무	기개
구즈베리아	만족
구름패랭이꽃	위급
구골나무	보호, 용의
국화	정말 좋은 친구
국화 (하얀 국화)	성실, 진실
국화 (노란 국화)	실망, 짝사랑
국화 (빨간 국화)	진실
국수나무	모정
군자란	고귀
굴거리나무	내 사랑 나의 품에
구기자나무	희생
궁궁이	고결
귀룽나무	사색
귤	마음의 스승
극락조화	사랑을 위해 멋을 부린 남자, 신비, 영구불멸
글라디올라스	밀회, 경계, 주의
글로리오사	광영, 영광
글록시니아	화려한 모습, 욕망
금관화	화려한 추억
금괭이눈	골짜기의 황금, 변하기 쉬운 마음
금귤	순결, 어릴 때 우정
금낭화	당신을 따르겠습니다.
금매화	꿈 많은 소녀
금목서	당신의 마음을 끌다.
금사슬나무	슬픈 아름다움
금어초	수다쟁이, 주제넘게 참견하다
금영화	희망, 부, 성공
금잔화	비탄, 실망, 비애, 겸손, 인내, 이별의 슬픔
금작화	청초
기린초	소녀의 사랑
기생꽃	천사
긴개싱아	백로다리
까치밥나무	풍요, 숨겨진 사랑
꽃사과	유혹
꽃다지	무관심
꽃생강	신뢰, 헛수고
꽃싸리	밀원
꽃잔디	희생
꽃쥐손이	새색시
꽃창포	우아한 마음, 좋은 소식
꽃향유	가을향기, 과거를 묻지 마세요
꽈리	거짓, 속임수
꽝꽝나무	참고 견디어 낼 줄 아는
그레빌레아 로부티스타	가련
그로키니시아	야심, 욕심
나팔꽃	기쁨, 결속, 덧없는 사랑, 일편단심 사랑
나도밤나무	나를 업신여기지 마세요
나비콩	매력, 매혹
난초	청초한 아름다움, 열렬하고도 순수한 사랑
남천	전화위복
납매	자애
냉이	나의 모든 것을 당신에게 바칩니다
너도밤나무	번영
넌출월귤	마음의 고통을 위로하다
네모필라	애국심
네프로네피스	매혹
노각나무	견고, 정의
노간주나무	친절, 자유
노란별수선	빛을 찾다
노루귀	인내, 믿음, 신뢰
노린재나무	동의
노송나무	불명, 불사, 굳셈
누리장나무	친애, 깨끗한 사랑
뉴사이란	참신
느릅나무	위엄
느티나무	운명
능금나무	은화, 참애호자
능소화	여성, 명예, 영광, 기다림, 그리움
뉴사이란	참신하다
니겔라	꿈속의 사랑, 당혹, 미래, 은근한 기쁨
다릅나무	선한
다정큼나무	친밀
단정화	당신을 버리지 않겠습니다
단풍나무	사양
달리아	정열, 불안정, 변덕
달맞이꽃	말 없는 사랑, 기다림, 밤의 요정, 소원, 마법, 마력
달꽃	꿈꾸는 사랑
담자리꽃나무	사랑에 눈 떼지 마!
담배	기분
담쟁이덩굴	아름다운 매력
당근	죽음도 아깝지 않으리
당아욱	자애, 어머니의 사랑
당종려	승리
대나무	지조, 인내, 절개
대왕송	부귀
대추나무	처음 만남
댕강나무, 꽃댕강나무	환영, 평안
댕댕이덩굴	적선
더덕	성실, 감사
덧나무	용기
덜꿩나무	주저
데이지	겸손과 아름다움, 천진난만함
블루데이지	청아한 당신
샤스타데이지	만사는 인내로부터, 순진, 평화
리빙스턴데이지	희망 , 평화 , 평등 , 인내, 겸손한 아름다움
덴드로비움	자만심이 강한 미인, 말괄량이, 방자한 미인
덴파레	매혹, 유능한
델피니움	당신은 왜 나를 싫어합니까, 쉽게 변함, 경솔, 제 마음을 헤아려주세요
도꼬마리	고집, 애교
도라지꽃	소망, 영원한 사랑
동백꽃	청렴, 절조, 그 누구보다 그대를 사랑합니다
하얀 동백꽃	당신은 나의 사랑을 경멸하는 것입니까?
붉은 동백꽃	나는 당신이 누구보다도 아름답다고 생각합니다.
복숭앗빛 동백꽃	나는 당신에게 사랑받는 것을 자랑으로 생각합니다.
독당근	죽음도 아깝지 않으리
독말풀	거짓, 애교
하얀 독말풀	경애, 애증
독일창포	멋진 결혼
동심초	온순
두릅나무	애절, 희생
둥글레	고귀한 봉사
들국화	장애물, 상쾌
들장미	고독, 소박한 미, 시
들쭉나무	반항심
등나무	환영, 사랑에 취함
등골나무	주저
디기탈레스	열애, 나는 애정을 숨길 수 없습니다
딱총나무	동정, 열심
딸기	예견, 행복한 가정, 존중, 애정, 우정, 우애
떡갈나무	공명정대, 강건
때죽나무	겸손
뚜껑별꽃	추억
다알리아	감사, 우아
하얀 다알리아	친절이 감사합니다
장미색 다알리아	당신의 마음을 알게 되어 기쁩니다
적색 다알리아	당신의 사랑이 나를 행복하게 합니다.
데코라고무나무	남성적, 영원한 사랑
드라세나 드라코	행복, 행운
드라세나 산델리아나	개운 (운이 열리다, 장수, 행운)
디모르 포세카	해맑은 소녀, 회복
디펜바키아	경계
라그라스	당신의 친절에 감사하다, 미안합니다
라넌큘러스	매력, 매혹, 비난하다
란타나	엄격, 엄숙, 나는 변하지 않는다
라벤더	침묵, 정절, 내게 대답해주세요
라스피	정의, 자유
라임(린덴)	부부간의 사랑
라일락	안녕, 첫사랑, 젊은 날의 추억
자주색 라일락	사랑의 싹이 트다
하얀 라일락	아름다운 맹세
붉은 라일락	친구의 사랑
라플레시아	장대한 미와 순결
락스퍼	정의, 자유
보라색 락스퍼	젊은 날의 추억
붉은 락스퍼	사랑의 싹틈
레몬나무	열의, 성실한 사랑, 정절
레몬	진심으로 사모함
레몬그라스	진심으로 사모함
레몬버베나	인내, 조화
레위시아	천사의 눈물
레제다오도라타	매력
렉스베고니아	부조화, 짝사랑
로단테	영속
로벨리아	불신, 정교, 원망, 악의, 위기의 시작
로사캠피온	성실
로즈마리	기억, 영원한 사랑, 아름다운 추억, 나를 생각해요, 당신의 존재로 나를 소생시키다, 행복한 추억, 가정의 행복
로즈힙	무의식의 아름다움
루나리아	정직
루드베키아	영원한 행복
루피너스	모성애, 행복
리넘	나는 당신의 친절에 감사합니다
리시안셔스	변치 않는 사랑
리시키톤	아름다운 추억
리아트리스	고집쟁이, 고결, 기다림
러브체인	끈끈한 사랑
로단테	아름다움, 영원한 사랑, 행복
로드킬 선인장	장구, 승승장구
로즈베리	당신은 나를 일깨운다
리기다 소나무	희망의 속삭임
마가렛	자유, 마음 속에 사랑을 점친다
마로니에	천분, 천재
마르멜로	유혹
마취목	희생
마타리	미인, 잴 수 없는 사랑
마시멜로	은혜, 선행, 자선
마조람	조화, 기쁨, 행복
만병초	위엄, 존엄, 경계, 위험
만수국	반드시 오고야 말 행복
망초	화해, 가까이 있는 사람을 행복하게 해주고 멀리 있는 사람은 가까이 다가오게 해준다
만년청	상속, 모성애
말채나무	보호
매자나무	까다로움
매화나무	고결, 결백, 정조
맨드라미	시들지 않는 사랑, 영생, 괴기
메꽃	속박, 충성, 수줍음
메밀꽃	연인
매쉬메리골드	반드시 오고야 말 행복
머위	공평
명자나무	평범, 조숙, 겸손
모감주나무	자유로운 마음, 기다림
모란	부귀, 영화, 왕자의 품격, 행복한 결혼
모링가	생명의 나무
목련	숭고한 정신, 우애, 고귀함
목향	인정
목화	어머니의 사랑
몬스테라	괴기
몰약나무	진실
무	계절이 주는 풍요
무궁화	은근, 끈기, 섬세한 아름다움
무릇	인내, 강한 자제력
무스카리	절망, 실의, 실망, 통하는 마음, 관대한 사랑
무환자나무	염원
문주란	청순함
물레나물	일편단심, 추억
물망초	나를 잊지 마세요, 진실한 사랑
물푸레나무	열심
미나리	성의, 고결
미나리아재비	천진난만함
미니장미	끝없는 사랑
미루나무	명예, 영광
미모사	민감, 섬세, 부끄러움
미선나무	모든 슬픔이 사라진다
미스티블루	청초한 사랑
매발톱나무	승리의 맹세
민들레	사랑의 사도, 행복, 불사신
민트	다시 한 번 사랑하고 싶습니다, 미덕
밀감	친애
밀집꽃	항상 기억하라
밀토니아	슬픔은 없다
무주나무	자제
무화과	결실있는 사랑
미니델피늄	당신을 행복하게 해줄게요
메도우 클라리 세이지	구원, 존경, 건강, 미덕, 장수
말라코이데스 앵초	부귀, 신비한 마음, 희망
말마비스쿠스	미련, 아직도 다 못한 사랑
멀티코옐로우	평화, 희망
메타세쿼이아	영원한 친구
바비아나	단란한 가족
바질	멋진 희망
바나나	질투, 재능
바디나물	노여움, 동심
바이덴스	황금의 여신
바카리스	개척
박달나무	견고
박쥐란	교묘한, 괴이함
박태기나무	우정, 의혹, 형제애
박하	미덕, 다시 한 번 사랑하고 싶습니다.
반다	애정의 표시
밤나무	포근한 사랑, 정의
밤안개	고운 마음
방울꽃	만족
배꽃	연모
배롱나무	부귀, 떠나간 친구에 대한 회상
배추꽃	쾌활
백당나무	마음
백목련	이루어질 수 없는 사랑
백양나무	시간
백일홍	인연, 행복, 떠나간 님(혹은 친구)을 그리며
백합	순결, 순수한 사랑, 깨끗한 사랑, 변함없는 사랑, 죽음
버드나무	태평세월, 자유
버베나	단결
버섯	유혹
벌개미취	너를 잊지 않으리
범의귀	전 당신을 기쁘게 해주겠습니다, 당신에게 미움받는 다면 죽겠습니다
벚꽃	아름다운 정신(영혼), 정신적 사랑, 삶의 아름다움과 덧없음, 절세미인, 가장 아름다운 순간
벽오동	사모, 그리움
별꽃	환영
병꽃나무	전설
베고니아	정중, 친절, 짝사랑
베르가못	풍부한 감수성
보리	번영, 보편
보리수	결혼, 부부의 사랑
보리지	용기
복사꽃	매력, 유혹, 용서, 희망
복자기나무	약속
봄맞이꽃	봄맞이
봉선화	부귀, 여린 아이같은 마음씨, 아이같은 마음씨, 나를 건드리지 마세요
부바르디아	당신의 포로가 되었습니다
부용	섬세한 아름다움
부추	무한한 슬픔, 별에 소원
분꽃	수줍음, 소심, 겁쟁이
분꽃나무	수줍음
붓꽃	기쁜 소식, 잘 전해 주세요, 사랑의 메시지
분단나무	사람의 마음
블루베리	현명, 친절
비자나무	소중, 사랑스러운 미소
빈카	우정, 즐거운 추억, 당신을 사랑합니다
비파	현명
빌베르기아	만족
보로니아	여인의 향기
뻐꾹나리	당당
뽕나무	지혜, 못 이룬 사랑, 봉사
반디지치	희생
방크스 소나무	희망의 속삭임
방크시아	이루어질 수 없는 사랑
벨로페로네	겸손, 청초
부겐빌레아	정열, 조화
뷰글라스	진실
브라질아브틸론	당신을 따르겠습니다
브리오니아	거절
사루비아	불타는 마음, 정열, 가족애
사과나무	명예, 영광, 현명, 성공
사라세니아	끈기
사상크로스	그리움, 애교
사랑초	당신을 버리지 않겠습니다
사보렌	온정, 열정, 존경
사상자	순결, 결백
사스레피나무	당신은 소중합니다
사프란	환희, 지나간 행복, 절제의 미
사철나무	변화 없음
산나리	순결
산당화	겸손, 단조
산딸기	사랑, 마음 아픈 열애
산사나무	유일한 사랑
산세베리아	관용, 약속을 실행하다
산하엽	친애의 정, 행복, 청초한 사람
산황나무	발전
산세베리아	관용
산수유	지속, 불변
산앵두	오로지 한 사랑
산옥잠화	망각의 사랑
살구나무	아가씨의 수줍음
삼나무	웅대, 그대를 위해 살다
상사화	이룰 수 없는 행복(사랑)
상수리나무	번영
색동호박	나의 마음은 아름답다
생달나무	위로
샌달우드	고요함 속의 강인함
센트레아	행복, 섬세, 유쾌
샤스타데이지	만사는 인내
서어나무	재물
서양모과	영원한 사랑
서향나무	불멸, 명예, 꿈 속의 사랑
석류	원숙미, 원숙한 아름다움, 어리석음, 통합
석산(= 피안화)	슬픈 추억, 잃어버린 기억, 이룰 수 없는 사랑
선인장	열정, 정열, 무모한 사랑
설강화	희망
설앵초	수줍움, 천국의 열쇠, 행운의 열쇠
세인트폴리아	작은 사랑
세이지	가정의 평화
소귀나무	그대만을 사랑해요.
소나무	불변, 불멸
소철	강한 사랑, 속세 비법
소태나무	애교
솔송나무	행복한 마음
송엽국	나태
쇠서나물	발랄
수국	변덕, 진심, 고집, 냉정, 당신은 차갑다
수련	깨끗한 마음, 청순한 마음
수레국화(= 센트레아)	행복
수박꽃	큰 마음
수선화	자기애, 자존심, 고결, 신비, 외로움
순비기나무	그리움
쉬땅나무	신중함
스노드롭	깊은 애정, 희망,당신의 죽음을 기원합니다
스위트피	기쁨, 가련, 추억(나를 기억해줘요)
스윗오렌지	열린 마음
스타티스	영원한 사랑
스톡크	믿어주세요
스프랑게리	항상 변함 없음
스피리아	노력
스타치스	영원한 사랑
스트로벨리	선견지명
스파티필룸	감싸는 사랑
스프랑게리	항상 변화 없음
스피리아	노력
시계꽃	믿음
시금치	활력
시네라리아	항상 즐거움, 항상 빛남
시스투스	인기, 나는 내일/언젠가 죽겠지
시클라멘	수줍음, 질투, 가버린 사랑
식나무	젊고 아름답다
신나무	변치 않는 귀여움
싸리꽃	단정한 사랑
싸리나무	상념, 사색
씀바귀	순박, 헌신함
쐐기풀	악의
싱고니움	기쁨, 즐거움
쉐플레라	함께하는 사랑, 행복
아가판더스	사랑의 전달, 희망
아게라텀	신뢰
아글라오네마	부귀, 행복, 행운
아디언텀	신명, 애교
아레카야자	부활
아로니아	불로장생, 영원한 사랑
아마존빅토리아수련	행운
아마란스	시들지 않는 사랑, 애정
아욱	은혜
아이비	행운이 가득한 사랑
아나나스(= 파인애플)	만족, 미래를 즐긴다
아네모네	기대, 기다림, 고독, 배신, 사랑의 괴로움, 허무한 사랑, 이뤄질 수 없는 사랑, 제 곁에 있어 줘서 고마웠어요. 당신을 사랑하니까 저의 모든 것을 드릴게요. 나는 당신을 영원히 사랑할 거예요. 비록 당신이 날 사랑하지 않더라도 전 당신을 사랑합니다. 나를 잊지 말아주세요.
아그배나무	온화
아데니움	무모한 사랑, 정열, 열정
아라비아의 별	순수
아르메리아	배려, 동정, 가련
아리스타타	아름다움의 소유자
아마	감사
아마릴리스	자랑, 수다쟁이, 은은한 아름다움, 인공적, 침묵
아메리칸 블루	두 사람의 인연
아몬드	진실한 사랑, 희망, 기대
아부틸론	나는 당신을 영원히 사랑합니다
아스타	믿는 사람, 추억, 보상
아스타 (자주 아스타)	사랑의 승리
아스타 (복숭아색 아스타)	달콤한 꿈
아스타 (파란 아스타)	신뢰
아스타 (하얀 아스타)	나를 믿어주세요
아스파라거스	무변화, 불변, 영원한 행복
아스포델	나는 당신의 것
아이비제라늄	진실한 애정
아잘레아	사랑의 기쁨, 희망
아왜나무	지옥에 간 목사
아주가 렙탄스	순결, 다시 찾은 행복
아카시아	쾌락을 바람, 친교, 깨끗한 마음, 우정, 숨겨진 사랑
아칸더스	기교, 복수, 절교
안개꽃	맑은 마음, 사랑의 성공
안개꽃 (하얀 안개꽃)	죽음, 슬픔
안개꽃 (붉은 안개꽃)	기쁨의 순간
안개꽃 (자주 안개꽃)	깨끗한 마음
안개꽃 (노란 안개꽃)	기쁨과 성공
안개꽃 (분홍 안개꽃)	사랑의 성공
안개꽃 (파란 안개꽃)	영원한 사랑
안개나무	희망의 내일
안시리움	번뇌, 불타는 마음
안스륨	사랑에 번민하는 마음
안젤로니아	천사의 얼굴
안젤리카	천사의 허브
안추사	당신을 믿을 수 없어요
알로에	꽃도 잎새도, 영원한 건강
알리움	무한한 슬픔, 멀어지는 마음
알리만다	희망을 가지세요
알로카시아	수줍음
야로우	싸움, 변함없는 행복
애기동백	겸손, 이상적인 사랑
앰브로시아	행복한 연애
앵두나무	수줍음
앵초	젊은 시절과 고뇌
빨간 앵초	돌보지 않은 아름다움, 비할 바 없는 아름다움,
옥슬립	첫사랑
카우슬립	젊은 날의 슬픔
하얀 앵초	첫사랑, 행복의 열쇠, 가련
연근	당신이 아름다운 것처럼 당신의 마음도 아름답다
연꽃	소원해진 사랑
연령초	장수, 열정, 정렬, 고독, 그윽한 마음, 사랑하는 이의 죽음
에델바이스	소중한 추억
에리카	고독
에리카 (하얀 에리카)	보호
에리카 (자주 에리카)	존경
에리카 (분홍 에리카)	행운
어성초	기다림
억새	은퇴
얼레지	질투
엉겅퀴	독립, 엄격, 내핍, 닿지 마세요
애크메아	만족
에리트리나 크리스타갈리	꿈의 힘
에린지움	비밀스러운 애정
에니시다	겸손, 청초
에케베리아	일곱가지 복이 들어온다
에키나시아	영원한 행복
에키놉스	경계
예덕나무	예절과 덕성
옐로설탄	결단
오동나무	고상
오구나무	등불
오과	이면성
양귀비	상상(몽상)
양귀비 (붉은 양귀비)	몽상(헛된 생각)
양귀비 (하얀 양귀비)	망각
양귀비 (노란 양귀비)	풍족함
양귀비 (자주 양귀비)	허영/환상
약쑥	부재, 쓰라린 슬픔
양치	사랑스러움, 성실, 신뢰
영산홍	첫사랑
오레가노	기쁨
오렌지	새색시의 기쁨, 순결, 너그러운 마음
오리나무	장엄, 위로
오이풀	변화, 존경
옥수수	재물, 보물, 금은보화, 일획천금
옥잠화	소박, 추억, 침착하고 조용함
온시디움	순박한 마음
올리브나무	평화
용담	슬픈 그대가 좋아
용설란	강한 의지, 용기, 섬세
용수초	온순
왕대	정절, 신념
우엉	괴롭히지 말아요, 인격자
울금	당신을 따르겠습니다
유동나무	기름장수
유자나무	기쁜소식
유채꽃	명랑, 쾌활
유카꽃	위험, 접근하지 마세요
유칼립투스	추억
유리호프스	온화함, 청아한 당신
유홍초	영원히 사랑스러워
윤노리나무	전통
원추리	기다리는 마음
월계수	명예
월하미인	밤의 고독, 단 한 번이라도, 단 한 번뿐인 사랑, 서로뿐인 사랑
으름덩굴	재능
은매화	사랑의 속삭임
은목서	유혹
은방울꽃	섬세함, 언젠가 반드시 행복해질겁니다, 희망, 순애, 행복의 방문
은백양	슬픔
은사철	지혜
은행나무	진혼, 정적, 장엄, 장수, 정숙
이끼	모성애
이팝나무	영원한 사랑, 자기 향상
인디고	사랑을 노래하는 꽃
인동초	부성애, 우애, 헌신적인 사랑, 사랑의 인연, 슬퍼하고 있는 당신이 매우 좋다
일본잎갈나무	대담, 용기
일일초	당신을 사랑합니다, 즐거운 추억, 우정
일랑일랑	화려함, 사치스러움
임파첸스	나의 사랑은 당신보다 깊다
잇꽃(=홍화)	불변, 무심(無心), 당신을 물들이다
엔젤트럼펫	덧없는 사랑
엘라티오르베고니아	진정한 아름다움
여로	기다림
오스테오그체르뭄	영원한 사랑, 원기, 행복
오크라	번영
오텀 세이지	건강, 장수, 미덕
옥살리스	기쁨, 빛나는 마음, 당신과 함께 살다
유리오프스	영원한 아름다움, 청아한 당신
유스토마	영원한 사랑
유포르비아	박애
이베리스	깨끗함, 우아함, 첫사랑의 추억
이스라지	수줍음, 오로지 한 사랑
장미 (붉은 장미)	사랑, 아름다움, 낭만적인 사랑, 용기, 존경, 열망, 열정
장미 (버건디 장미)	무의식적인 아름다움
장미 (하얀 장미)	순수, 결백, 젊음, 영성, 숭배
장미 (분홍 장미)	감탄, 감사, 성실, 우아함, 사랑의 맹세
장미 (옅은 분홍 장미)	존경, 연민, 온화함, 다정함, 나의 마음 그대만이 아네, 찬양
장미 (짙은 분홍 장미)	감탄, 감사, 고마워요
장미 (복숭아색 장미)	열망
장미 (옅은 복숭아색 장미)	겸손
장미 (산호색 장미)	존경
장미 (노란 장미)	이별, 변하지 않는 사랑, 기쁨, 우정, 질투, 환영, 영원한 우정과 사랑
장미 (주황 장미)	욕망, 열광, 열정, 매료
장미 (자주 장미)	황홀함, 장엄함
장미 (라벤더색 장미)	첫눈에 빠진 사랑
장미 (검은 장미)	저주, 죽음, 이별, 당신은 영원히 나만의 것
장미 (푸른 장미)	얻을 수 없는 것, 불가능한 것 → 기적, 포기하지 않는 사랑
장미 (초록 장미)	천상에만 존재하는 고귀한 사랑
자스민	행운을 빌어요, 행복, 친절, 상냥한, 관능적, 사랑의 기쁨, 애교
자스민 (하얀 자스민)	당신은 나의 것, 사랑스러움, 관능적
자스민 (노란 자스민)	은총, 우아함
발렌타인 자스민	사랑을 위해 멋을 부린 남자
브룬펠시아 자스민	사랑스러움, 당신은 나의 것
차이니스 자스민	당신은 나의 것, 사랑의 기쁨
제비꽃	성실, 겸양
제비꽃 (보란 제비꽃)	겸손, 성실, 사랑
제비꽃 (노란 제비꽃)	수줍은 사랑, 시골의 행복, 작은 기쁨
제비꽃 (하얀 제비꽃)	순진무구한 사랑, 순결, 천진난만한 사랑
제비꽃 (파란 제비꽃)	사랑
제비꽃 (분홍 제비꽃)	희망
흰젖 제비꽃	순진한 사랑
접시꽃	열렬한 연애, 풍요, 야망, 평안, 다산, 애절한 사랑, 집보기
접시꽃 (흰색 접시꽃)	단순, 평안, 단순한 사랑, 아양 떠는 사랑
접시꽃 (검은 접시꽃)	나는 사랑에 불탄다.
제라늄	그대와 함께하는 행복, 친구의 정, 결심
제라늄 (빨강무늬 제라늄)	쓸쓸한 사람이나 슬픈 사람들을 보면 어떻게서든 위로해주고 싶어하는 당신 자신도 쓸쓸해 하는 사람이군요
제라늄 (붉은 제라늄)	그대가 있어 사랑이 있네, 그대를 사랑합니다
제라늄 (로즈 제라늄)	그대로 인한 행복
제라늄 (하얀 제라늄)	저는 당신의 사랑을 신뢰하지 않습니다
제라늄 (분홍 제라늄)	결심, 결의
종려나무	승리, 쟁취
자작나무	당신을 기다립니다.
전나무	숭고, 정직, 승진, 고상함, 장엄
조팝나무	노련하다, 선언, 단정한 사랑, 당신의 생각대로입니다, 헛수고, 노력
주목나무	비애, 죽음, 명예, 고상함
진달래	절제, 청렴, 사랑의 즐거움, 사랑의 희열, 사랑의 기쁨
점나도나물	순진
쥐꼬리 망초	가련미의 극치
자운영	나의 행복, 그대의 관대한 사랑, 감화
중국패모	위엄
자목련	자연애, 은혜, 존경, 꽃피는 따뜻한 봄, 소중한 이웃님들 편안하시기를
좁은 입배 풍동	참을 수 없어
잡초의 꽃	실제적인 사람
짚신나물	감사
저먼더	경애, 담백
자양화	당신은 아름답지만 차갑다, 냉정, 무정, 냉담, 변덕, 변심, 소녀의 꿈
자몽나무	따뜻한 에너지가 넘치는 사람
잣나무	만족
주니퍼베리	보호
찔레꽃	온화, 고독, 자매의 우애, 신중한 사랑, 가족에 대한 그리움
중국 단풍나무	게으름뱅이
주머니꽃	관능적 아름다움, 도움, 나의 재산을 드립니다, 당신을 따르겠습니다
작약	수줍음, 부끄러움
제충국	청정, 고결, 죽어서도 당신을 지킬게요
좀깨잎나무	사랑의 흔적
조록나무	변하기 쉬운 사랑
쪽동백나무	잃어버린 시간을 찾아서
제니스타	겸손, 청초
참나리	깨끗한 마음
창포	희망, 인내, 당신을 믿습니다
채송화	가련함, 순진, 천진난만
천인국	단결, 협력
천일홍	불변, 매혹, 변치 않는 사랑
천수국	이별의 슬픔과 절망, 죽은 사람에 대한 기억과 축복
철쭉	자제, 사랑의 즐거움
초피나무	청출어람
층꽃나무	기도하는 가을여인
치자나무	청결, 순결, 행복, 한없는 즐거움
칡꽃	사랑의 한숨
층층나무	인내력
카우슬립 앵초	젊은날의 슬픔
카나리아야자	부활, 승리
카틀레야	당신은 아름답다
칸나	존경, 정열, 해피 엔딩, 행복한 종말
칼라	천년의 사랑, 순결, 순수, 열정, 청결
칼라디움	기쁨, 즐거움, 환희
칼란디바	설렘, 순애
칼리스트몬	결백, 청경, 우정, 사랑의 소식
칼랑코에	설렘
캄파눌라	따뜻한 사랑, 변하지 않는다, 상냥한 사랑, 만족, 감사
컴프리	낯설음
코리달리스	보물주머니, 비밀, 희소식
코스모스	소녀의 순결, 순정
콩	반드시 오고야 말 행복, 시시콜콜한 보람
크로커스 (하얀 크로커스)	후회 없는 청춘, 믿는 기쁨, 당신을 기다립니다
크로커스 (보라 크로커스)	너는 날 사랑한 것을 후회하고 있어
크랜베리	마음의 고통을 위로하다
클로버	약속, 행운, 평화
레드 클로버	행복, 약속, 너와 함께, 나를 생각해 주오
클레마티스	노력
카네이션 (노란 카네이션)	경멸
카네이션 (분홍 카네이션)	열애
카네이션 (빨간 카네이션)	건강
카네이션 (하얀 카네이션)	나의 애정은 살아있습니다(죽은 사람을 향해)
카모밀레	고난 속의 힘, 역경을 견디는 힘
코키아	겸허, 청초한 미인, 고백
코리앤더	숨은 가치
큐벤시스	똑같음, 기억, 추억
콜레우스	절망적인 사랑
쿠르시아	고결, 당신을 저버리지 않습니다, 순수
쿠페아	세심한 사랑
크레마티스	마음 아름다움
크레오메	불안정, 인연을 맺음
크로웨아	그리움, 애교
크로톤	교태, 오염, 질색
크립탄서스	만족
크래손	안정성, 힘
카트레아	
황색 카트레아	경멸
카사블랑카	당신을 진정 사랑하기에 떠나보내겠습니다.
키오녹독사	그리움, 순수한 사랑
킹빈자민	번영, 번창
타라곤	불편하는 호기심
털머위	한결같은 마음, 다시 찾은 사랑
투구꽃	밤의 열림, 나를 건드리지 마세요.
튜베로즈	위험한 쾌락
튤립 (붉은 튤립)	사랑의 고백
튤립 (주황 튤립)	수줍음, 부끄러움
튤립 (노란 튤립)	혼자 하는 사랑, 헛사랑, 사랑의 표식
튤립 (하얀 튤립)	실연, 용서, 사과
튤립 (분홍 튤립)	애정, 배려
튤립 (보라 튤립)	영원한 사랑, 영원하지 않은 사랑
튤립 (검은 튤립)	당신을 저주합니다
망고튤립	수줍게 하는 사랑의 표시
토레니아	가련한 욕망
트리안	추억
트리터마	그것을 믿을 수 없다
티버치나	말광량이, 요란한 미인
틸란드시아	불멸의 사랑
틸란드리아 시아네오	멸하지 않는 사랑, 불구
파리지옥	유혹, 영원불변
파피오페딜럼	당신의 꿈이 이루어지기를
파인	고독, 용감, 영원불멸
팔손이나무	비밀
팥꽃나무	달콤한 사랑
팥배나무	매혹
패랭이꽃	순결한 사랑, 재능, 거절
팬지	나를 생각해주세요
팬넬	감언이설
팽나무	고귀함
페르시아국화	경쟁심
페리윙클	행복한 추억
페퍼민트	온전한 사랑,진심
포도나무	기쁨, 박애, 자선
포인세티아	축하(합니다)
포플러(=미루나무)	비탄, 애석
폼폼국화	진실
푸조나무	소중함
풍란	참다운 매력
프랑킨센스	몽상가
프리뮬라	소년 시절의 희망, 젊은 시절의 고뇌, 부귀, 자만, 행복, 모순, 돌보지 않은 아름다움
프리지아	천진난만, 자기자랑, 영원한 우정
플라타너스	천재, 화해, 용서, 휴식
플럼바고	화해
피나무	부부애
피안화	이룰수 없는 사랑, 슬픈 과거
파키라	행복, 행운
파키스타키스루테아	열망
필로덴드론	나를 사랑해주세요
파루비스	정직한 사랑
페둔쿨라타라티아	밀회, 순수
페라고늄랜디	애정, 우정
팔손이나무	교활, 기만, 분별, 비밀
팜파스그라스	웅대, 자랑스럽다
페튜니아	당신과 있으면 마음이 편해짐
폰테데리아	흔들린 기억
하늘나리	변치 않은 귀여움
할미꽃	슬픈 추억, 슬픔
향기별꽃	순수, 화해, 용서, 관용
향나무	영원한 향기
향쑥	방심
해당화	원망
해바라기	애모(愛募), 동경, 숭배, 기다림, 자부심, 자존심,당신만을 바라봅니다.
해오라비난초	꿈 속에서라도 보고 싶다
허니플랜트	인생의 출발
헬리오트롭	사랑과 헌신
헬리오트로프	성실, 헌신, 사랑이여 영원하라
헬레보러스	존재, 추억, 나를 달래주오
현호색	비밀, 보물주머니
협죽도	위험, 방심은 금물
호두나무	지성
호랑가시나무	가정의 행복, 평화
호랑이꽃(= 참나리)	나를 사랑해주세요
호박꽃	관대함, 포용, 해독, 사랑의 용기
호자나무	공존
호접란	애정의 표시
흑단	위선, 암흑
흑법사	영원히, 좋은 예감
홉	불공평
회나무	위험한 장난
회화나무	망향
회향	극찬, 역량
황금	고귀함
황금싸리	겸손
황새냉이	그대에게 바칩니다, 사무치는 그리움
활나물	행복감
히비스커스	섬세한 아름다움, 남몰래 간직한 사랑
히솝	청결, 축제
히아신스	마음의 기쁨, 승리
히아신스 (노란 히아신스)	유희, 겸허한 사랑, 질투, 슬픔
히아신스 (자주 히아신스)	미안해요
히아신스 (보라 히아신스)	영원한 사랑
히아신스 (푸른 히아신스)	불변성
히어리	봄의 노래
후크시아	선물, 열렬한 마음, 좋아함
후리지아	깨끗란 향기, 순결, 우정
휴케라	절실한 사랑
훼닉스	뜨거운 사랑
